title,filename,difficulty,total_notes,duration,peak_density,mean_density,peak_scratch_density,bpm_min,bpm_max,bpm_ratio,rand,doji,kdan,tril,tate,sara,cnbs,total,notes,oabmb,cpi_easy,cpi_clear,cpi_hard,cpi_exhard,cpi_fc,bpi_notes,bpi_avg,bpi_wr,bpi_coef,bpi_at_aaa,bpi_at_9444
A,a_amuro,A,1238,120.2,17.0,10.1736,1.2,93.0,191.0,2.0538,43.9,57.8,38.7,8.8,20.7,4.2,0.0,174.1,1238,1019.0,1171.93,1328.34,1423.68,1720.23,2026.69,1260.0,2220.0,2519.0,0.467188,12.7126,39.0497
A MINSTREL ～ ver.short-scape ～,a_minstr,X,1114,121.58,13.0,9.1066,0.8,114.0,114.0,1.0,60.0,61.1,44.4,5.8,29.4,2.3,24.3,227.3,1090,945.0,1524.61,1556.95,1567.38,1809.07,2185.42,1954.0,3646.0,3905.0,0.80493,-15.0,7.665
AA,aa_amuro,A,1788,115.42,23.6,15.3362,1.2,154.0,154.0,1.0,109.3,66.0,98.3,19.6,26.3,1.5,0.0,321.0,1788,1294.0,1358.02,1423.0,1476.04,1684.59,1993.78,1834.0,3278.0,3660.0,0.918326,-1.6705,19.2998
AA -rebuild-,aa_rebld,A,1806,113.19,24.4,15.7526,1.0,174.0,174.0,1.0,97.6,63.3,90.3,28.9,44.4,1.5,0.0,326.0,1806,1303.0,1488.78,1540.0,1568.81,1779.52,2097.66,1820.0,3137.0,3634.0,0.72865,11.0958,31.5011
ACTØ,act0,A,1532,120.65,18.6,12.6132,2.0,185.0,185.0,1.0,57.6,52.6,50.5,18.7,43.0,6.9,0.0,229.3,1532,1166.0,1341.9,1460.64,1514.82,1800.19,2339.06,1534.0,2661.0,3046.0,0.707656,13.7596,42.3736
Adularia,adularia,A,1404,110.67,17.6,12.6582,0.4,180.0,180.0,1.0,68.3,36.9,67.4,8.1,25.1,1.4,48.1,255.3,1359,1079.5,1392.25,1468.96,1499.99,1748.55,2173.01,1449.0,2546.0,2894.0,0.620347,8.8032,33.8822
AIR RAID FROM THA UNDAGROUND,airraid,X,1502,118.75,21.0,13.6422,1.0,180.0,180.0,1.0,71.8,49.2,58.7,97.1,134.3,2.4,0.0,413.5,1502,1151.0,1619.34,1655.68,1663.37,1931.75,2332.64,1523.0,2525.0,3035.0,0.741408,19.6491,39.9719
AIR RAID FROM THA UNDAGROUND†,airraidl,A,1502,118.75,21.0,13.6422,1.0,180.0,180.0,1.0,71.8,49.2,58.7,97.1,134.3,2.4,0.0,413.5,1502,1151.0,1619.34,1655.68,1663.37,1931.75,2332.64,1523.0,2525.0,3035.0,0.741408,19.6491,39.9719
AKASHIC BREAK,akashicb,A,1662,115.98,20.0,15.415,3.8,205.0,205.0,1.0,38.9,69.7,40.6,14.4,26.7,14.4,0.0,204.7,1662,1231.0,1371.23,1494.69,1545.55,1846.91,2401.13,1823.0,3159.0,3637.0,0.649437,13.4573,37.3241
ALBA-黎明-,alba,X,1670,122.91,20.4,13.4764,2.0,165.0,165.0,1.0,56.2,69.0,49.2,6.7,16.7,5.8,46.8,250.4,1614,1207.0,1558.43,1635.96,1671.74,1973.22,2627.44,,,,,,
ALBIDA,albida,A,1517,109.05,20.4,13.7036,2.6,185.0,185.0,1.0,48.0,63.1,46.4,9.0,25.2,12.0,0.0,203.7,1517,1158.5,1372.44,1461.88,1504.95,1750.21,2124.36,1530.0,2685.0,3052.0,0.698251,7.7084,33.1398
Almagest,almag_ra,A,1587,97.08,23.4,16.3443,2.0,178.0,178.0,1.0,94.9,48.0,96.3,25.9,47.5,5.3,11.8,329.7,1579,1189.5,1584.83,1655.85,1706.84,2020.63,2764.95,1629.0,2591.0,3225.0,0.941909,22.3001,45.542
ALTERNATOR,altnator,A,1907,118.14,22.4,15.9412,6.6,185.0,185.0,1.0,48.4,69.3,40.2,10.2,16.3,14.2,22.6,221.2,1854,1327.0,1551.74,1610.94,1638.0,1950.12,2510.71,1907.0,3282.0,3802.0,0.72965,12.813,35.5835
Always We Trust In You,alwayswe,A,1625,114.95,21.0,14.1096,4.2,190.0,190.0,1.0,50.2,56.4,47.2,4.8,16.7,12.8,10.9,199.0,1609,1204.5,1374.33,1493.16,1556.17,1843.48,2325.91,1625.0,2802.0,3235.0,0.729936,13.2538,38.1213
Amazing Mirage,amazingm,X,1682,114.61,20.8,14.5096,4.2,153.0,153.0,1.0,67.5,59.8,62.8,25.2,54.8,16.9,3.1,290.1,1678,1239.0,1431.01,1525.58,1572.92,1857.44,2438.67,1684.0,2872.0,3348.0,0.721386,17.192,42.1728
Amazing Mirage†,amazingl,A,1682,114.61,20.8,14.5096,4.2,153.0,153.0,1.0,67.5,59.8,62.8,25.2,54.8,16.9,3.1,290.1,1678,1239.0,1431.01,1525.58,1572.92,1857.44,2438.67,1684.0,2872.0,3348.0,0.721386,17.192,42.1728
Ambivalent Vermilia,ambiverm,A,2132,120.65,24.6,17.5488,4.0,185.0,185.0,1.0,83.6,69.9,82.6,38.0,52.8,8.4,0.0,335.3,2132,1466.0,1695.01,1759.86,1782.45,2071.3,2738.22,2132.0,3326.0,4212.0,0.851347,29.2471,53.1159
ANCHOR,anchor,A,1831,120.0,23.4,15.076,2.2,180.0,180.0,1.0,69.1,59.6,73.1,28.7,45.2,7.7,24.6,308.0,1796,1298.0,1513.17,1582.62,1610.64,1867.87,2391.91,1835.0,3122.0,3650.0,0.85139,12.7639,35.7238
Ancient Scapes,ancients,A,2166,121.43,24.8,17.6787,3.0,178.0,178.0,1.0,92.6,65.8,88.7,26.9,43.4,8.1,0.0,325.5,2166,1483.0,1388.45,1470.41,1504.42,1761.06,2207.63,1780.0,3100.0,3539.0,0.81679,8.4485,34.6406
Ancient Scapes†LEGGENDARIA,ancientl,A,2166,121.43,24.8,17.6787,3.0,178.0,178.0,1.0,92.6,65.8,88.7,26.9,43.4,8.1,0.0,325.5,2166,1483.0,1625.7,1674.48,1687.14,1963.88,2555.72,2198.0,3505.0,4351.0,0.862258,25.0662,48.5358
Angel's Ladder,angeladd,A,1800,120.77,20.6,14.8579,3.0,155.0,155.0,1.0,89.9,48.1,83.5,9.5,47.9,11.2,0.0,290.1,1800,1300.0,1432.98,1520.79,1566.98,1870.34,2491.66,1800.0,2953.0,3553.0,0.766053,27.2712,54.0328
Anisakis-somatic mutation type \-,anisakis,X,1341,132.32,17.2,10.0541,2.4,185.0,185.0,1.0,42.2,52.0,34.5,5.3,11.5,5.9,0.0,151.4,1341,1070.5,1646.54,1694.12,1707.67,1963.1,2457.78,1971.0,3251.0,3931.0,0.85379,15.2038,33.4743
AO-1,ao_1,A,1433,102.15,21.4,13.8272,5.4,195.0,195.0,1.0,26.8,53.0,18.8,3.8,10.5,24.9,20.6,158.4,1411,1105.5,1459.62,1540.71,1573.02,1883.24,2486.72,1443.0,2475.0,2868.0,0.670517,18.2334,44.5661
Apocalypse,apocalrf,A,1631,129.55,18.0,13.6084,1.8,165.0,165.0,1.0,78.4,43.5,73.2,22.0,38.4,6.0,8.8,270.3,1623,1211.5,1260.27,1373.45,1438.86,1708.45,2081.39,1814.0,3273.0,3617.0,0.715307,-9.498,27.2349
Aqvion,aqvion,A,1773,115.2,19.6,15.2621,3.4,175.0,175.0,1.0,77.5,60.5,72.4,18.6,32.8,10.0,32.6,304.4,1737,1268.5,1357.73,1448.99,1513.82,1744.51,2169.08,1773.0,3134.0,3538.0,0.796694,2.8179,26.3166
Arabian Rave Night,arabian,X,1459,118.75,16.8,12.1479,1.6,180.0,180.0,1.0,65.5,42.6,46.8,9.8,18.8,3.4,0.0,186.9,1459,1129.5,1424.07,1523.73,1573.6,1863.67,2448.17,1888.0,3194.0,3752.0,0.683476,21.0528,45.8681
Arca,arca,A,1602,125.84,19.4,12.6873,1.8,185.0,185.0,1.0,82.9,52.5,81.1,11.9,19.1,3.6,0.0,251.1,1602,1201.0,1337.34,1435.05,1484.11,1757.22,2106.92,1602.0,2836.0,3198.0,0.552981,6.9512,38.3167
Arkadia,arkadia,A,1873,117.33,21.6,15.9932,3.4,180.0,180.0,1.0,100.5,46.1,89.8,23.0,38.8,7.8,0.0,306.0,1873,1336.5,1464.18,1544.91,1594.88,1840.49,2248.34,1873.0,3147.0,3737.0,0.703865,17.8237,37.7768
Artist,artist,A,1870,116.36,23.0,15.9214,2.6,165.0,165.0,1.0,94.6,52.0,85.2,23.8,49.0,9.2,11.7,325.5,1856,1328.0,1556.29,1624.23,1651.27,1961.49,2555.36,1870.0,3021.0,3680.0,0.946028,23.9065,51.8492
ASIAN VIRTUAL REALITIES (MELTING TOGETHER IN DAZZLING DARKNESS),asian_vr,A,1752,115.2,19.0,15.1017,5.8,150.0,150.0,1.0,80.6,40.7,76.6,25.4,43.5,17.1,28.7,312.6,1711,1255.5,1444.41,1545.65,1606.9,1940.69,2568.88,1752.0,2781.0,3440.0,0.863578,30.6831,58.7807
B.O.D.Y.,b_o_d_y_,A,1690,110.06,19.2,15.1495,2.2,157.0,157.0,1.0,96.0,57.6,84.6,9.2,21.4,6.2,8.5,283.5,1678,1239.0,1451.42,1515.58,1540.32,1843.33,2449.28,1734.0,3009.0,3454.0,0.734128,11.0285,35.9551
B4U(BEMANI FOR YOU MIX),bemani4u,X,1669,120.0,19.0,13.7124,2.2,170.0,170.0,1.0,65.5,62.5,46.3,6.1,28.1,9.5,0.0,218.0,1669,1234.5,1620.04,1676.62,1700.04,1961.45,2480.22,2360.0,3741.0,4684.0,0.892734,22.5614,43.9275
B4U(BEMANI FOR YOU MIX)†,bemani4l,A,2130,120.0,24.2,17.5025,3.2,170.0,170.0,1.0,99.0,80.4,90.9,20.6,30.2,9.7,0.0,330.8,2130,1465.0,1620.04,1676.62,1700.04,1961.45,2480.22,2360.0,3741.0,4684.0,0.892734,22.5614,43.9275
Bad Encryption,badencry,A,1633,112.88,27.6,14.2584,6.0,200.0,200.0,1.0,54.1,67.4,61.3,26.5,30.8,19.4,10.1,269.6,1625,1212.5,1672.8,1739.65,1769.88,2062.28,2669.2,1633.0,2508.0,3231.0,0.80396,31.6856,53.9294
Bad Maniacs,bmaniacs,A,1641,119.38,24.4,13.64,2.4,195.0,195.0,1.0,68.6,79.0,64.7,14.7,24.7,7.3,0.0,259.0,1641,1220.5,1542.99,1599.42,1633.13,1867.78,2312.48,1656.0,2717.0,3303.0,0.743583,19.9769,38.8088
Be quiet,bequiet,X,1116,113.7,17.2,9.6912,2.4,150.0,150.0,1.0,43.3,37.6,39.8,10.3,45.1,8.9,3.1,188.1,1115,957.5,1540.38,1651.77,1695.39,2048.81,2597.28,1463.0,2281.0,2912.0,0.60661,35.1173,53.7284
BEAT PRISONER,btprison,A,1844,113.13,26.6,16.0737,3.0,155.0,155.0,1.0,63.5,82.8,63.4,21.4,45.2,12.1,83.2,371.6,1686,1243.0,1529.62,1586.46,1612.35,1896.49,2414.73,1844.0,3131.0,3661.0,0.93042,11.8723,35.6708
Beat Radiance,beatradi,X,1809,107.5,21.4,16.6556,2.6,192.0,192.0,1.0,10.0,102.1,10.1,3.5,8.2,8.3,0.0,142.2,1809,1304.5,1391.51,1462.54,1508.5,1744.89,2110.24,1809.0,3369.0,3613.0,0.706796,-15.0,12.8398
Beat Radiance†,beatradl,A,1809,107.5,21.4,16.6556,2.6,192.0,192.0,1.0,10.0,102.1,10.1,3.5,8.2,8.3,0.0,142.2,1809,1304.5,1391.51,1462.54,1508.5,1744.89,2110.24,1809.0,3369.0,3613.0,0.706796,-15.0,12.8398
BIGソムタム,big_smtm,A,1688,119.36,18.6,14.0267,4.8,187.0,187.0,1.0,17.4,74.6,19.3,7.0,19.7,12.0,52.8,202.8,1601,1200.5,1286.07,1399.07,1458.81,1745.17,2172.82,1688.0,3116.0,3373.0,0.68188,-15.0,16.7326
BIGWAVERS,bigwaver,A,1796,120.76,21.8,14.7273,4.6,177.0,177.0,1.0,66.9,63.6,61.2,12.2,22.1,10.1,22.3,258.4,1771,1285.5,1470.91,1542.64,1576.91,1847.91,2362.18,1796.0,3071.0,3583.0,0.652591,16.8203,38.9633
Binary Black Hole,binarybh,A,2000,120.08,24.4,16.4017,2.6,190.0,190.0,1.0,76.2,62.2,70.1,33.9,40.4,6.0,36.1,324.9,1948,1374.0,1695.13,1735.72,1743.88,2027.2,2581.67,2000.0,3253.0,3979.0,0.690561,26.3598,47.3275
BITTER CHOCOLATE STRIKER,bitchoco,A,1990,129.55,22.6,15.2077,2.2,165.0,165.0,1.0,89.3,82.5,96.0,62.5,17.8,7.6,0.0,355.7,1990,1395.0,1481.92,1537.08,1569.84,1808.62,2204.94,1990.0,3410.0,3972.0,0.821562,9.7879,28.9352
BLACK or WHITE?,blkwhite,A,2013,120.65,25.4,16.6017,1.8,185.0,185.0,1.0,79.1,70.9,68.7,23.5,48.3,3.3,45.6,339.4,1957,1378.5,1627.43,1656.37,1661.24,1924.03,2454.15,2013.0,3412.0,4019.0,0.642482,18.1881,38.3932
BLACK.by X-Cross Fade,blackbyx,A,1738,111.9,22.4,15.3464,9.6,163.0,163.0,1.0,14.1,56.4,15.5,9.2,31.0,101.8,0.0,228.0,1738,1269.0,1552.89,1643.47,1705.85,2035.8,2502.77,1738.0,2832.0,3464.0,0.744742,21.6157,40.9206
BLAZING_LAZER,bl_lazer,A,1752,116.94,19.2,14.8291,3.4,191.0,191.0,1.0,57.6,47.0,48.4,5.3,16.1,15.1,1.9,191.4,1750,1275.0,1364.01,1468.0,1536.22,1815.6,2416.22,1752.0,2994.0,3488.0,0.648653,19.0333,43.5604
BLUE DRAGON(雷龍RemixIIDX),bldragon,A,1653,113.7,23.6,14.3474,6.2,188.0,188.0,1.0,14.1,92.1,18.8,25.1,25.4,18.0,28.4,221.9,1643,1221.5,1492.89,1564.66,1610.55,1933.8,2501.97,1727.0,2911.0,3446.0,0.614469,21.5302,42.2941
BLUE MIRAGE,b_mirage,A,1311,114.35,21.4,11.3809,4.4,170.0,170.0,1.0,65.5,32.3,61.0,4.0,33.1,20.0,0.0,215.9,1311,1055.5,1477.56,1589.8,1667.35,1994.21,2652.99,1606.0,2320.0,3181.0,0.735625,38.4359,58.107
Blue Rain,bluerain,X,1149,110.1,19.2,10.3891,1.8,144.0,144.0,1.0,73.4,43.1,65.4,9.9,25.7,3.1,0.0,220.6,1149,974.5,1602.99,1635.98,1647.2,1858.22,2189.7,1702.0,2869.0,3392.0,0.811294,14.2768,34.8396
Blue Rain†,bluerail,A,1702,110.1,26.4,15.3855,1.8,144.0,144.0,1.0,103.9,75.5,108.6,36.7,40.3,2.4,0.0,367.4,1702,1251.0,1602.99,1635.98,1647.2,1858.22,2189.7,1702.0,2869.0,3392.0,0.811294,14.2768,34.8396
Blue Spring Express,blspring,A,1728,110.23,24.4,15.5279,4.6,172.0,172.0,1.0,76.2,53.6,69.1,17.6,41.8,12.5,0.0,270.8,1728,1264.0,1636.35,1677.85,1683.1,2011.06,2630.54,1728.0,2869.0,3415.0,0.698997,27.7106,54.5225
Boomy and The Boost,booboost,A,1769,122.84,21.0,14.2309,7.0,174.0,174.0,1.0,49.0,72.0,36.8,7.8,29.4,17.5,2.6,215.1,1764,1282.0,1544.32,1601.18,1622.04,1939.98,2471.84,1826.0,3155.0,3639.0,0.677989,14.0821,38.6143
Bow shock!!,bowshock,X,2176,125.09,25.2,17.2603,1.8,165.0,165.0,1.0,83.0,85.1,87.0,28.3,39.8,4.0,17.0,344.2,2159,1479.5,1653.33,1691.77,1705.56,1953.62,2529.7,2176.0,3695.0,4330.0,0.759695,16.0486,39.4594
Bring The Fire,brngfire,A,1734,121.59,19.6,14.0951,2.6,160.0,160.0,1.0,95.6,49.6,83.9,13.3,30.7,7.1,11.7,291.9,1718,1259.0,1475.69,1522.54,1544.69,1794.0,2203.18,1734.0,3039.0,3458.0,0.843864,4.908,27.0636
BroGamer,brogamer,X,1568,127.61,19.8,12.1797,3.8,207.0,207.0,1.0,8.0,60.7,7.6,4.4,7.9,24.4,0.0,113.0,1568,1184.0,1649.69,1715.45,1742.32,2085.66,2710.16,2383.0,3949.0,4730.0,0.881497,17.5186,40.6953
Broken,brokenrb,A,1598,124.86,21.6,12.7792,1.4,148.0,148.0,1.0,88.4,59.9,97.7,48.9,59.8,2.9,0.0,357.6,1598,1199.0,1369.36,1438.28,1485.06,1678.87,1919.61,1598.0,2844.0,3195.0,0.60767,-2.2393,27.0486
Broken Sword,brokensw,A,1895,124.59,25.8,15.04,1.4,160.0,160.0,1.0,92.9,69.0,89.1,26.3,43.1,2.1,0.0,322.5,1895,1347.5,1511.9,1544.72,1557.95,1753.63,2056.22,1887.0,3354.0,3766.0,0.86432,0.0,22.169
Burning Flame,brnflame,X,1938,114.91,21.4,16.7496,6.6,165.0,165.0,1.0,81.4,60.4,79.2,18.2,28.2,16.9,0.0,284.3,1938,1369.0,1450.63,1542.46,1593.38,1909.19,2486.0,1938.0,3180.0,3853.0,0.790635,21.1951,42.9271
CADENZA,cadenza,A,2357,130.5,24.0,17.9695,6.0,160.0,160.0,1.0,101.9,61.8,108.4,41.6,57.8,14.4,0.0,385.9,2357,1578.5,1598.75,1655.5,1689.55,1959.74,2604.91,2357.0,3769.0,4654.0,1.043245,20.0101,45.0187
Caldwell 99,caldwl99,X,1776,121.69,19.2,14.6529,5.8,142.0,142.0,1.0,77.6,54.5,64.6,9.8,25.1,29.8,31.6,293.0,1734,1267.0,1335.32,1514.66,1605.57,1965.09,2590.63,,,,,,
Candy Galy,candygal,A,1684,121.3,22.0,13.7393,3.0,184.0,184.0,1.0,58.9,64.7,51.8,9.7,21.9,5.1,0.0,212.1,1684,1242.0,1472.12,1515.87,1530.68,1765.03,2123.43,1798.0,3207.0,3593.0,0.623758,-3.9969,28.908
CaptivAte～浄化～,captive,X,1155,127.59,15.0,9.0189,2.0,160.0,160.0,1.0,26.1,55.3,22.5,9.7,20.1,10.4,0.0,144.1,1155,977.5,1520.11,1560.41,1573.92,1807.89,2281.19,,,,,,
Carmina,carmina,A,1946,128.0,26.2,15.536,3.2,195.0,195.0,1.0,79.3,53.5,73.2,17.2,52.6,13.8,35.6,325.2,1897,1348.5,1731.48,1785.15,1794.63,2136.79,2930.94,2000.0,3042.0,3936.0,0.808527,36.075,60.6429
Carry Me Away,carryme,A,1488,120.69,19.6,13.3712,4.2,175.0,175.0,1.0,59.5,53.8,47.0,14.8,31.1,10.9,3.7,220.8,1482,1141.0,1221.34,1357.82,1446.5,1729.89,2165.06,1613.0,2871.0,3221.0,0.619268,-2.5241,32.063
Catch Our Fire!,catchfir,A,1753,120.0,20.6,15.6054,3.2,190.0,190.0,1.0,67.3,64.2,57.2,7.2,19.3,8.5,0.0,223.7,1753,1276.5,1389.74,1482.07,1532.13,1786.16,2166.31,1885.0,3273.0,3761.0,0.622862,13.9975,38.3619
Caterpillar,caterpil,A,1510,120.09,19.0,12.4099,8.0,170.0,170.0,1.0,26.4,46.7,30.0,10.9,38.9,67.9,0.0,220.8,1510,1155.0,1326.17,1477.82,1552.55,1921.09,2488.56,1561.0,2609.0,3109.0,0.631475,24.2921,46.1791
Chaotoxin,chaotoxn,A,1705,120.0,20.6,14.0496,3.8,180.0,180.0,1.0,68.2,56.2,57.5,13.0,25.2,12.8,0.0,232.9,1705,1252.5,1390.83,1495.07,1550.27,1805.47,2285.37,1705.0,2983.0,3401.0,0.742065,7.5756,31.3867
ChaserXX,chaserxx,X,1505,123.43,16.6,12.0742,2.2,140.0,140.0,1.0,81.6,41.6,78.1,15.1,45.2,8.1,11.2,280.9,1479,1139.5,1617.8,1690.1,1706.62,2044.98,2753.28,2000.0,3209.0,3890.0,0.893061,33.2651,67.2957
CHRONO DIVER -NORNIR-,chrono_n,X,2065,118.14,23.0,17.2622,4.2,185.0,185.0,1.0,57.0,92.0,60.7,40.4,46.3,5.0,3.7,305.1,2061,1430.5,1645.72,1688.56,1701.57,1980.11,2694.2,2233.0,3795.0,4448.0,0.872635,11.391,32.3083
CHRONO DIVER -NORNIR-†,chrononl,A,2065,118.14,23.0,17.2622,4.2,185.0,185.0,1.0,57.0,92.0,60.7,40.4,46.3,5.0,3.7,305.1,2061,1430.5,1645.72,1688.56,1701.57,1980.11,2694.2,2233.0,3795.0,4448.0,0.872635,11.391,32.3083
Chrono Diver -PENDULUMs-,chrono_p,A,2222,121.22,27.0,18.2066,1.4,196.0,196.0,1.0,82.4,79.1,82.0,36.1,41.7,2.7,0.0,324.0,2222,1511.0,1724.64,1780.63,1800.12,2060.45,2645.92,2222.0,3506.0,4417.0,0.914269,20.9279,40.8988
cinder,cinder,A,1573,120.32,22.8,12.9702,1.4,216.0,216.0,1.0,47.7,68.9,47.5,16.9,28.1,4.3,41.7,255.1,1539,1169.5,1439.89,1536.89,1583.69,1840.97,2324.57,1601.0,2767.0,3188.0,0.712438,13.205,38.3044
Close the World feat.a☆ru,closewld,A,1894,116.17,24.4,16.0923,3.4,188.0,188.0,1.0,71.2,73.8,73.0,34.7,36.4,11.8,0.0,300.9,1894,1347.0,1416.79,1502.26,1554.22,1791.25,2174.25,1739.0,2981.0,3464.0,0.825184,11.1537,33.2735
Close the World feat.a☆ru†LEGGENDARIA,closewdl,A,1894,116.17,24.4,16.0923,3.4,188.0,188.0,1.0,71.2,73.8,73.0,34.7,36.4,11.8,0.0,300.9,1894,1347.0,1570.58,1636.7,1665.13,1928.69,2417.77,1983.0,3190.0,3949.0,0.750422,23.8298,43.3918
CODE:Ø,code_0,X,1829,120.96,24.2,15.1613,7.8,125.0,125.0,1.0,90.6,41.9,74.7,18.1,60.0,36.5,0.0,321.8,1829,1314.5,1644.94,1706.25,1720.06,2177.7,2822.26,,,,,,
CODE:1,code_1,A,1540,114.31,22.4,13.3426,1.8,145.0,145.0,1.0,80.5,60.4,95.5,55.3,62.1,5.6,0.0,359.4,1540,1170.0,1469.46,1538.33,1572.96,1808.28,2146.2,1590.0,2717.0,3171.0,0.701084,15.2066,37.1996
Colorful Cookie,cocookie,A,1754,112.0,24.2,15.4956,2.4,180.0,180.0,1.0,70.8,73.6,42.3,12.2,28.8,5.6,0.0,233.3,1754,1277.0,1469.85,1532.17,1576.96,1806.13,2206.39,1773.0,3102.0,3542.0,0.684762,8.0783,30.0238
Colors(radio edit),colors,A,1258,115.3,24.2,10.7241,1.6,150.0,150.0,1.0,67.3,36.0,69.6,42.7,79.9,2.6,0.0,298.1,1258,1029.0,1300.34,1448.04,1520.0,1816.85,2312.24,1258.0,2159.0,2493.0,0.806137,14.1731,42.0442
Concertino in Blue,concert,A,1224,95.19,21.2,12.7375,3.8,103.0,155.0,1.5049,57.3,37.5,59.5,32.9,74.4,18.9,0.0,280.5,1224,1012.0,1294.78,1433.96,1521.6,1829.29,2300.57,1311.0,2136.0,2588.0,0.734861,29.6861,55.8043
Confiserie,confiser,A,1833,106.38,28.6,17.0579,4.2,185.0,185.0,1.0,73.1,63.4,72.9,29.3,50.8,9.9,0.0,299.4,1833,1316.5,1693.66,1749.04,1757.4,1999.58,2475.99,1833.0,2919.0,3640.0,0.781326,26.2017,47.5831
CONTRACT,contract,X,1329,102.75,25.4,14.2152,2.4,180.0,180.0,1.0,72.5,53.5,69.1,23.6,44.6,6.0,0.0,269.3,1329,1064.5,1669.21,1697.88,1701.0,1963.9,2524.22,1418.0,2316.0,2827.0,0.622247,27.1157,46.6511
CONTRACT†,contracl,A,1329,102.75,25.4,14.2152,2.4,180.0,180.0,1.0,72.5,53.5,69.1,23.6,44.6,6.0,0.0,269.3,1329,1064.5,1669.21,1697.88,1701.0,1963.9,2524.22,1418.0,2316.0,2827.0,0.622247,27.1157,46.6511
Cosmic Cat,cosmicat,X,1651,121.5,21.8,13.4443,2.8,160.0,160.0,1.0,60.2,85.3,58.4,16.4,23.9,6.7,10.9,261.8,1641,1220.5,1469.64,1544.37,1573.46,1833.54,2325.65,1651.0,2886.0,3292.0,0.678422,10.0086,35.6688
Cosmic Cat†,cosmical,A,1651,121.59,21.8,13.4443,2.8,160.0,160.0,1.0,60.2,85.3,58.4,16.4,23.9,6.7,10.9,261.8,1641,1220.5,1469.64,1544.37,1573.46,1833.54,2325.65,1651.0,2886.0,3292.0,0.678422,10.0086,35.6688
COSMIC RAY,cosmcray,A,1509,100.92,22.6,14.8812,4.0,195.0,195.0,1.0,81.6,38.8,62.3,13.2,32.3,12.6,14.6,255.4,1501,1150.5,1631.48,1671.53,1678.88,1993.37,2542.43,1509.0,2425.0,2990.0,0.674758,32.1525,55.0731
COSMIC V3LOCITY,cosmcv3l,A,1716,112.8,19.4,15.0814,2.2,200.0,200.0,1.0,57.8,51.2,54.6,9.0,25.5,8.7,17.9,224.7,1692,1246.0,1389.54,1484.74,1530.87,1781.15,2229.15,1716.0,3004.0,3409.0,0.868147,5.9673,32.7034
Cross Fire,crosfire,A,1746,117.33,23.0,14.7559,3.4,180.0,180.0,1.0,79.2,47.6,69.8,18.4,55.5,11.5,22.9,304.9,1722,1261.0,1639.96,1674.95,1681.32,1950.58,2601.11,1746.0,2852.0,3424.0,0.990413,22.6458,53.5623
CUE CUE RESCUE,cuerscue,X,1549,103.59,18.8,14.7923,1.6,160.0,160.0,1.0,72.5,77.4,55.5,13.7,19.6,3.5,0.0,242.2,1549,1174.5,1241.84,1338.14,1408.78,1654.62,1962.91,1549.0,2875.0,3093.0,0.865671,-15.0,9.6145
Cult Invitation,cultinvi,A,1804,124.39,22.4,14.384,8.0,164.0,164.0,1.0,69.3,31.7,64.9,24.5,33.0,57.1,0.0,280.5,1804,1302.0,1550.13,1640.42,1681.2,2065.77,2680.69,1804.0,2925.0,3571.0,0.709568,29.9275,53.992
Dahlia,dahlia,A,1617,121.95,21.2,13.2377,5.2,185.0,185.0,1.0,64.9,52.7,55.3,16.7,26.9,12.6,1.1,230.2,1616,1208.0,1339.08,1468.71,1540.63,1819.43,2279.09,1617.0,2728.0,3212.0,0.796113,17.0737,41.3337
Dances with Snow Fairies,dancwith,A,1603,118.54,23.4,13.7138,1.8,154.0,154.0,1.0,90.0,53.1,79.8,21.3,77.3,7.1,12.7,341.3,1591,1195.5,1498.41,1557.52,1586.27,1873.02,2496.95,1623.0,2642.0,3217.0,0.742044,26.7941,50.373
Dans la nuit de l'éternité,dans_la,A,1830,122.77,21.8,14.7724,3.0,244.0,244.0,1.0,27.4,65.1,30.9,7.4,28.2,8.2,0.0,167.2,1830,1315.0,1644.09,1738.18,1763.16,2317.26,3230.78,1830.0,2874.0,3548.0,0.933583,36.3025,70.9377
DARK LEGACY,darklgcy,A,1828,123.67,24.4,14.7129,2.0,196.0,196.0,1.0,43.3,90.7,37.8,7.9,13.1,6.2,0.0,199.0,1828,1314.0,1406.83,1499.26,1557.13,1814.97,2277.1,1828.0,3211.0,3640.0,0.793513,5.6655,31.6415
dAuntl3ss,dauntl3s,A,1694,120.0,21.4,15.3582,1.8,166.0,166.0,1.0,98.9,51.8,91.8,16.4,38.7,4.5,0.0,302.1,1694,1247.0,1431.01,1500.55,1529.25,1778.12,2128.51,1775.0,3133.0,3542.0,0.681271,5.3802,32.0712
DAY DREAM,daydream,A,1161,86.84,24.4,12.3628,1.2,80.0,300.0,3.75,59.6,47.7,67.5,39.0,109.1,4.1,0.0,327.0,1161,980.5,1485.3,1596.48,1698.46,2026.5,2559.43,1075.0,1590.0,2113.0,0.73229,42.7546,65.9978
DEADHEAT,deadheat,A,1721,115.2,21.2,14.8172,4.0,200.0,200.0,1.0,48.1,53.8,44.1,19.6,26.1,17.0,0.0,208.7,1721,1260.5,1534.05,1590.46,1612.73,1894.96,2394.47,1721.0,2918.0,3417.0,0.708387,19.9882,45.5933
Despair of ELFERIA,delferia,A,2096,121.24,24.4,17.1033,1.6,205.0,205.0,1.0,29.9,92.8,28.3,7.0,21.4,4.5,0.0,183.9,2096,1448.0,1571.2,1617.78,1633.83,1909.6,2541.08,2096.0,3661.0,4176.0,0.724196,9.2365,35.0592
destination,dstntion,A,1698,123.43,21.0,13.6677,0.4,175.0,175.0,1.0,94.6,54.2,81.3,34.9,52.6,1.0,4.0,322.6,1693,1246.5,1427.69,1503.53,1537.17,1776.38,2148.47,1698.0,2954.0,3391.0,0.813942,6.5154,25.8297
Devil's Gear,dvlsgear,A,1793,124.08,24.4,14.3248,3.0,180.0,180.0,1.0,65.2,51.7,61.6,35.4,46.0,14.9,0.0,274.8,1793,1296.5,1591.73,1628.32,1636.62,1914.0,2407.98,1793.0,2988.0,3554.0,0.779311,21.3889,46.4743
Devilz Staircase,devilz_s,A,1609,113.51,26.4,14.0877,5.0,185.0,185.0,1.0,74.5,67.7,70.9,30.8,46.3,7.6,22.7,320.5,1604,1202.0,1477.35,1561.69,1611.33,1912.15,2424.82,1685.0,2716.0,3358.0,0.658161,27.3016,46.4403
DIAVOLO,diavolo,A,1592,108.75,26.8,14.5431,2.6,160.0,160.0,1.0,80.7,37.8,87.7,42.7,67.8,6.7,0.0,323.4,1592,1196.0,1747.68,1800.11,1811.56,2257.91,2907.99,1745.0,2674.0,3326.0,0.974175,47.2611,89.7863
dica dica,dicadica,A,1638,119.4,18.6,13.5983,5.8,175.0,175.0,1.0,74.4,33.5,66.0,41.1,52.8,62.2,0.0,330.0,1638,1219.0,1302.02,1435.75,1497.16,1851.83,2580.53,1638.0,2754.0,3243.0,0.75071,21.6893,48.5188
DIVINE JUDGEMENT,divjudge,A,1416,108.32,21.2,12.9706,3.4,190.0,190.0,1.0,43.5,53.6,39.5,3.0,17.5,9.2,68.2,234.5,1364,1082.0,1416.82,1507.75,1550.4,1808.76,2345.32,1416.0,2492.0,2823.0,0.728056,6.0107,32.2154
DOMINION,dominion,A,1636,121.3,23.6,13.3049,2.8,196.0,196.0,1.0,24.2,60.9,23.9,15.5,28.4,10.3,0.0,163.2,1636,1218.0,1366.43,1497.85,1572.86,1867.6,2298.63,1636.0,2865.0,3267.0,0.631503,9.8274,34.209
DORNWALD ～Junge～,dornwald,A,1903,124.97,23.2,15.2112,2.2,169.0,169.0,1.0,109.0,42.9,94.2,37.3,62.6,4.6,0.0,350.6,1903,1351.5,1538.29,1613.81,1638.16,1924.0,2512.65,1903.0,3132.0,3755.0,0.885147,21.9686,49.1346
Double Dribble,ddribble,A,1683,121.21,18.6,13.7557,5.4,210.0,210.0,1.0,13.2,48.1,10.7,5.7,13.6,29.6,0.0,120.9,1683,1241.5,1306.64,1436.49,1514.41,1824.6,2319.71,1683.0,2976.0,3360.0,0.692582,4.1295,30.0329
Dr. Chemical & Killing Machine,dr_chemi,A,1534,116.36,23.4,14.4491,1.8,165.0,165.0,1.0,89.3,57.0,62.8,25.6,39.3,3.0,0.0,277.0,1534,1167.0,1478.04,1524.72,1545.79,1758.76,2013.41,1700.0,3029.0,3395.0,0.861441,-0.9223,20.2474
Drastic Dramatic,drasticd,A,1631,113.49,20.4,15.8058,1.4,166.0,166.0,1.0,87.3,65.2,77.4,18.6,37.4,2.8,0.0,288.7,1631,1215.5,1387.06,1463.93,1509.58,1736.73,2056.86,1765.0,3156.0,3527.0,0.695417,-4.1417,24.5671
Drop Syndicate,dropsynd,A,1861,118.75,25.0,15.5613,4.8,180.0,180.0,1.0,54.8,63.1,44.1,15.6,19.9,24.3,47.5,269.3,1788,1294.0,1423.64,1558.23,1626.69,1924.68,2515.1,1861.0,3148.0,3700.0,0.785532,16.4097,40.1246
DropZ-Line-,dropz_ln,A,1648,121.2,21.6,13.6132,5.4,50.0,400.0,8.0,61.9,44.1,58.4,20.3,43.1,14.7,4.0,246.5,1644,1222.0,1487.93,1592.11,1650.15,1958.92,2444.01,1648.0,2660.0,3284.0,0.575692,32.0418,51.1797
DRUNK MONKY,drkmonky,A,928,79.45,20.8,11.5125,1.6,145.0,145.0,1.0,69.8,61.6,65.4,10.2,57.2,3.8,0.0,268.0,928,864.0,1423.28,1515.68,1558.79,1816.48,2158.11,1177.0,1994.0,2354.0,0.430135,,
DUE TOMORROW,due_tmrw,A,948,96.64,20.0,9.5588,3.2,100.0,400.0,4.0,52.6,15.7,26.7,114.1,161.1,6.0,0.0,376.2,948,874.0,1464.76,1568.5,1611.23,1974.25,2515.11,1073.0,1640.0,2121.0,0.632355,41.5538,62.7406
Dynamite,dynausao,A,1917,122.4,22.6,15.5317,5.2,100.0,100.0,1.0,86.7,70.6,79.3,37.8,77.2,45.3,33.1,430.0,1849,1324.5,1531.76,1608.2,1662.86,2006.0,2604.55,1953.0,3279.0,3898.0,0.729393,16.4703,35.6636
EBONY & IVORY,ebnyivry,A,1822,105.4,27.0,17.1792,2.4,113.0,170.0,1.5044,76.3,80.2,87.4,53.2,74.9,3.1,9.0,384.1,1813,1306.5,1448.21,1527.8,1580.68,1805.11,2151.49,1520.0,2617.0,3032.0,0.742391,11.8503,33.718
EBONY & IVORY†,ebnyivrl,A,1822,104.58,27.6,17.2895,2.4,113.0,170.0,1.5044,76.3,80.2,87.4,53.2,74.9,3.1,8.9,384.0,1813,1306.5,1670.3,1738.6,1767.88,2103.34,2831.02,1887.0,2890.0,3726.0,0.796441,33.7256,56.969
Elemental Creation,elecreat,A,2113,124.53,27.6,16.8336,5.0,212.0,212.0,1.0,55.3,80.0,56.9,10.5,31.0,9.3,0.0,243.0,2113,1456.5,1725.33,1775.87,1785.21,2126.91,2824.17,2130.0,3406.0,4235.0,0.749133,26.1324,46.8098
Empire of Fury,emprfury,A,1700,114.19,22.0,14.6696,3.8,204.0,204.0,1.0,34.0,59.9,39.8,28.6,43.6,14.7,0.0,220.6,1700,1250.0,1532.17,1606.0,1643.92,1970.77,2540.67,1700.0,2744.0,3370.0,0.858017,22.8191,45.8877
encounter,encountr,A,1664,121.26,18.6,13.618,2.4,190.0,190.0,1.0,52.1,46.4,46.0,23.0,26.1,7.0,0.0,200.6,1664,1232.0,1267.24,1389.0,1455.95,1725.38,2088.41,1679.0,2943.0,3342.0,0.660127,10.2984,39.5004
entelecheia,entelech,A,1589,102.49,23.2,15.3709,0.2,185.0,185.0,1.0,69.1,67.1,57.9,9.7,24.3,0.6,35.7,264.4,1546,1173.0,1463.64,1521.85,1548.78,1752.82,2092.15,1657.0,2963.0,3310.0,0.779091,-3.0162,21.9905
eRAseRmOToRpHAntOM,ephantom,A,1653,136.94,18.2,11.9328,6.4,120.0,270.0,2.25,81.8,48.6,70.4,75.6,30.4,10.3,0.0,317.1,1653,1226.5,1402.19,1513.99,1570.89,1909.14,2518.99,1686.0,2788.0,3360.0,0.665226,23.5876,44.0671
EVANESCENT,evanscnt,A,1656,122.16,18.8,14.8757,2.2,120.0,165.0,1.375,97.7,46.4,87.2,21.4,39.3,5.8,11.7,309.5,1642,1221.0,1400.36,1491.74,1538.97,1819.51,2255.6,1845.0,3129.0,3661.0,0.794314,16.7992,42.4298
Evans,evans,A,1357,103.86,19.8,12.8962,4.2,185.0,185.0,1.0,49.6,43.2,41.5,16.4,28.4,14.5,0.0,193.6,1357,1078.5,1426.37,1508.41,1544.96,1820.08,2244.64,1440.0,2423.0,2867.0,0.743491,18.066,40.3301
Everlasting Message,evermesg,A,1970,117.13,27.4,16.6068,3.0,230.0,230.0,1.0,57.4,60.2,58.1,14.1,36.6,8.3,58.2,292.9,1887,1343.5,1693.62,1759.55,1782.11,2070.23,2716.67,1970.0,3074.0,3892.0,0.78927,31.956,55.5931
EX-MASSIVE FIGHTER,exmasive,A,1725,119.36,22.4,14.2767,2.6,165.0,165.0,1.0,70.4,68.2,66.4,14.4,32.1,5.3,0.0,256.8,1725,1262.5,1459.88,1532.83,1568.88,1810.97,2286.72,1725.0,3027.0,3418.0,1.153939,2.2599,25.4969
EXUSIA,exusia,A,1801,120.08,22.6,14.7917,3.2,188.0,188.0,1.0,85.5,58.1,75.9,14.8,30.7,9.4,0.0,274.4,1801,1300.5,1565.26,1594.7,1602.32,1848.9,2273.87,1964.0,3319.0,3920.0,0.672074,17.7886,37.8999
EYE OF THE HEAVEN,eyeheavn,A,1824,116.1,20.6,15.5487,1.8,308.0,308.0,1.0,101.2,55.8,97.7,19.6,33.9,4.3,23.0,335.5,1797,1298.5,1444.25,1517.46,1546.33,1788.67,2271.31,1824.0,3129.0,3600.0,0.874509,13.7164,44.3141
F,f_amuro,A,1746,113.77,21.0,15.2965,1.4,154.0,154.0,1.0,114.5,50.3,101.9,24.0,44.4,2.3,0.0,337.4,1746,1273.0,1319.54,1398.25,1454.02,1654.63,1903.99,1813.0,3174.0,3619.0,0.677948,8.7556,32.8113
FAKE TIME,faketime,A,1199,102.08,18.4,11.5204,2.4,200.0,200.0,1.0,18.2,50.0,22.0,17.2,52.4,5.5,0.0,165.3,1199,999.5,1513.97,1556.4,1566.8,2031.04,2812.12,1231.0,2174.0,2438.0,0.616489,8.981,47.5066
fallen leaves -IIDX edition-,faleaves,A,1723,109.09,24.8,15.6145,2.8,165.0,165.0,1.0,87.7,61.3,75.3,11.3,27.3,4.5,23.8,291.2,1696,1248.0,1529.44,1584.11,1610.72,1853.52,2310.91,1745.0,2964.0,3474.0,0.739052,16.4704,39.6052
FANTASTIC THREE,fanthree,A,1591,119.35,19.0,13.1983,9.8,185.0,185.0,1.0,45.4,48.9,36.1,12.5,28.2,29.3,0.0,200.4,1591,1195.5,1364.23,1494.46,1567.0,1920.74,2543.01,1649.0,2817.0,3280.0,0.644992,19.9781,45.2515
Fascination MAXX,fas_maxx,A,1313,101.6,18.6,12.7863,2.0,100.0,400.0,4.0,18.1,59.2,23.7,51.7,101.3,4.0,0.0,258.0,1313,1056.5,1464.79,1620.7,1842.37,2293.69,2870.57,1313.0,1957.0,2604.0,0.70104,37.0689,56.7558
Feel The Beat,feelbeat,A,2225,122.06,30.2,18.0276,3.8,175.0,175.0,1.0,96.2,69.1,89.5,30.1,31.9,13.7,0.0,330.5,2225,1512.5,1366.61,1457.62,1510.16,1754.38,2181.2,1830.0,3110.0,3646.0,0.700731,17.3369,39.9708
Feel The Beat†LEGGENDARIA,feelbetl,A,2225,122.06,30.2,18.0276,3.8,175.0,175.0,1.0,96.2,69.1,89.5,30.1,31.9,13.7,0.0,330.5,2225,1512.5,1565.26,1670.92,1790.01,2021.6,2501.08,2225.0,3362.0,4428.0,0.882553,24.3616,42.4786
Fegrix,fegrix,A,1687,120.69,18.8,13.8744,4.8,175.0,175.0,1.0,81.0,36.8,68.8,18.7,27.9,16.5,0.0,249.7,1687,1243.5,1344.98,1464.82,1522.19,1821.94,2386.06,1687.0,2890.0,3353.0,0.764839,14.6721,39.9597
fffff,fffff,A,1529,100.87,21.0,15.0851,1.4,138.0,138.0,1.0,84.7,61.4,90.8,49.5,103.8,4.0,0.0,394.2,1529,1164.5,1382.8,1479.48,1553.59,1866.55,2399.43,1624.0,2675.0,3221.0,0.769861,23.3577,47.2091
Fire Beat,firebeat,A,1388,117.55,19.0,11.8632,2.0,120.0,300.0,2.5,72.8,34.6,68.9,54.0,99.3,6.5,0.0,336.1,1388,1094.0,1394.65,1523.7,1585.83,1910.75,2240.78,1392.0,2367.0,2777.0,0.670983,17.1987,38.6115
FIRE FIRE,firefire,A,1186,121.7,19.4,9.6678,3.6,150.0,150.0,1.0,60.9,39.2,62.5,14.7,34.1,16.7,0.0,228.1,1186,993.0,1363.81,1443.27,1487.79,1734.82,2125.34,1405.0,2436.0,2808.0,0.555687,15.2836,36.8575
Flashes,flashes,A,1642,113.33,22.0,14.3474,7.4,180.0,180.0,1.0,89.1,38.6,78.3,6.5,25.0,13.3,27.2,278.0,1603,1201.5,1462.28,1552.98,1609.29,1889.95,2423.97,1691.0,2749.0,3360.0,0.829931,21.2887,42.9675
FlyAway,flyawayb,A,1648,120.0,18.4,13.73,7.0,160.0,160.0,1.0,73.9,50.5,72.9,19.0,51.8,25.7,22.8,316.6,1625,1212.5,1358.11,1464.91,1517.77,1817.49,2353.72,1648.0,2842.0,3279.0,0.767822,12.2266,37.1057
Flying Castle,flcastle,A,1877,122.84,19.4,15.1886,3.0,174.0,174.0,1.0,77.9,50.8,64.3,15.3,42.3,11.1,11.7,273.4,1860,1330.0,1485.7,1545.39,1570.65,1863.12,2494.85,1877.0,3218.0,3723.0,0.852719,12.495,38.8974
four pieces of heaven,fourpces,X,1137,149.82,19.0,7.9662,2.8,120.0,195.0,1.625,62.5,27.7,62.3,9.0,15.9,9.5,0.0,186.9,1137,968.5,1582.15,1683.32,1734.99,1985.67,2394.81,1518.0,2215.0,3016.0,0.674966,38.0471,56.1715
frequent,frequent,A,1900,121.36,19.4,15.4721,1.6,176.0,176.0,1.0,63.4,64.8,64.1,14.2,28.7,4.2,0.0,239.4,1900,1350.0,1365.36,1457.19,1506.68,1774.67,2211.58,1900.0,3381.0,3787.0,0.706169,-1.5494,31.6577
FUZIN RIZIN,fuznrizn,A,1877,122.53,19.4,15.1577,2.2,190.0,190.0,1.0,59.3,68.1,63.3,15.1,37.1,6.5,0.0,249.4,1877,1338.5,1418.25,1500.16,1540.33,1792.98,2222.83,1929.0,3397.0,3849.0,0.720642,5.5905,30.6484
G59,g59,A,1738,122.82,24.2,14.1122,1.6,170.0,170.0,1.0,95.6,72.1,85.3,10.9,32.7,3.5,0.0,300.1,1738,1269.0,1558.97,1602.88,1615.16,1848.8,2344.17,2000.0,3318.0,3980.0,0.787467,18.9519,40.4405
GAIA,gaia,A,1616,120.0,21.2,13.3223,1.6,180.0,180.0,1.0,88.6,46.9,74.6,14.1,33.9,4.7,0.0,262.8,1616,1208.0,1379.4,1466.02,1516.69,1737.5,2070.45,1676.0,2932.0,3344.0,0.751532,7.1631,30.3127
GAME ON,game_on,A,0,0.0,0.0,0.0,0.0,105.0,105.0,1.0,0.0,0.0,0.0,0.0,0.0,0.0,0.0,0.0,0,1.0,1297.97,1476.34,1556.14,1953.36,2614.62,1386.0,2401.0,2763.0,0.582738,17.4602,43.1543
Ganymede,ganymede,X,1199,125.47,17.8,9.5048,1.0,72.0,120.0,1.6667,73.6,44.0,72.0,87.4,120.0,3.9,0.0,400.9,1199,999.5,1555.98,1641.26,1668.49,1953.07,2459.22,1356.0,2196.0,2681.0,0.674017,32.7055,57.235
garden,gardenhs,X,1007,127.09,13.0,7.7734,2.0,220.0,220.0,1.0,11.5,40.4,10.5,5.8,9.9,10.2,0.0,88.3,1007,903.5,1439.52,1494.39,1511.33,1786.5,2288.96,,,,,,
GENE,gene,A,2034,110.43,21.6,16.428,3.6,163.0,163.0,1.0,107.1,61.3,83.0,30.1,54.2,3.7,0.0,339.4,2034,1417.0,1469.88,1521.37,1551.16,1768.77,2088.18,2183.0,3829.0,4360.0,0.778636,5.1579,25.9037
Ghost Pulse,ghostpls,A,1409,106.27,24.2,13.1234,2.0,165.0,165.0,1.0,82.5,52.0,79.6,33.8,36.7,3.8,38.0,326.4,1375,1087.5,1423.82,1494.1,1535.9,1773.42,2061.2,1409.0,2493.0,2815.0,0.696811,3.2596,27.314
gigadelic,gigadel,A,694,123.55,14.4,7.7708,2.2,173.0,173.0,1.0,65.0,29.6,61.7,35.1,4.1,8.3,0.0,203.8,694,694.0,1384.95,1425.59,1437.4,1715.81,2024.99,1301.0,2256.0,2583.0,0.721611,13.2635,41.9143
glacia,glacia,A,1492,112.26,18.6,13.1434,2.2,186.0,186.0,1.0,47.1,51.9,44.4,7.0,20.9,6.0,28.5,205.8,1468,1134.0,1270.86,1397.18,1452.64,1710.82,2049.69,1492.0,2729.0,2979.0,0.760736,-12.8086,18.5473
Glitch N Ride,glitch_n,A,1389,122.69,24.0,11.1301,2.4,30.0,300.0,10.0,71.9,46.8,69.4,19.2,27.4,8.7,72.4,315.8,1309,1054.5,1644.64,1715.41,1758.26,2108.19,2665.39,1389.0,2135.0,2738.0,0.725754,38.0239,61.5418
Go Ahead!!,goahead,A,1391,120.0,30.8,11.4926,2.6,200.0,200.0,1.0,45.8,53.1,54.5,42.5,66.3,9.3,19.9,291.4,1367,1083.5,1740.97,1832.52,1874.64,2192.49,2806.22,1413.0,2158.0,2808.0,0.753463,30.731,50.2027
Go Beyond!!,gobeyond,A,1145,111.6,30.4,10.6953,3.6,200.0,200.0,1.0,59.3,45.2,60.1,23.5,54.0,12.6,0.0,254.7,1145,972.5,1343.42,1500.95,1819.83,2252.76,3005.08,1166.0,1687.0,2320.0,0.663538,37.4981,54.6249
GO OVER WITH GLARE -ROOTAGE 26-,go_glare,A,1846,120.09,26.2,16.8092,3.4,170.0,170.0,1.0,93.5,98.7,99.5,54.4,21.5,6.7,14.8,389.1,1828,1314.0,1727.81,1737.67,1738.69,2107.51,2816.46,2000.0,3383.0,3973.0,0.831041,15.2981,39.3211
GOLDEN CROSS,goldcros,A,1482,116.9,23.0,12.5538,2.0,150.0,150.0,1.0,95.9,70.2,95.5,20.1,35.3,3.7,0.0,320.7,1482,1141.0,1429.17,1488.48,1531.15,1727.11,2001.65,1765.0,3073.0,3527.0,0.664134,9.745,30.5147
Grand Chariot,gchariot,A,1775,121.88,22.6,14.5098,4.0,191.0,191.0,1.0,70.9,56.9,58.5,10.8,29.0,10.6,21.5,258.2,1767,1283.5,1492.58,1578.83,1611.5,1888.74,2351.1,1775.0,2924.0,3526.0,0.72166,24.3472,47.1634
Gravigazer,gravigzr,A,1457,109.59,21.4,13.1545,2.6,160.0,160.0,1.0,91.3,43.3,59.9,12.2,32.1,8.4,3.8,251.0,1452,1126.0,1408.78,1490.72,1528.99,1797.64,2357.13,1533.0,2646.0,3055.0,0.675079,14.4939,38.8752
GRAVITON,graviton,A,1762,115.54,22.4,15.0655,1.2,185.0,185.0,1.0,68.8,55.7,65.9,37.9,49.7,3.2,0.0,281.2,1762,1281.0,1550.04,1592.05,1609.79,1853.89,2264.49,1762.0,3067.0,3516.0,0.730401,9.1634,31.9045
GRID KNIGHT,gknightt,X,1600,121.59,19.4,14.4109,2.6,160.0,160.0,1.0,70.2,79.8,63.2,69.1,17.8,4.7,0.0,304.8,1600,1200.0,1304.98,1442.71,1507.57,1792.65,2157.89,1744.0,3158.0,3488.0,0.593368,,
GRID KNIGHT†,gknightl,A,1600,121.59,19.4,14.4109,2.6,160.0,160.0,1.0,70.2,79.8,63.2,69.1,17.8,4.7,0.0,304.8,1600,1200.0,1304.98,1442.71,1507.57,1792.65,2157.89,1744.0,3158.0,3488.0,0.593368,,
GUILTY,guilty,X,789,87.57,15.2,8.9409,1.0,148.0,148.0,1.0,38.3,41.4,30.6,9.1,21.0,4.5,1.8,146.7,788,788.0,1470.85,1541.22,1592.42,1827.24,2200.82,1525.0,2588.0,3030.0,0.827015,14.7196,38.8121
GuNGNiR,gungnir,A,2061,128.65,22.8,15.9597,5.0,222.0,222.0,1.0,90.7,41.2,79.1,7.4,38.9,22.3,8.8,288.4,2056,1428.0,1585.11,1667.79,1703.45,2026.48,2709.5,2081.0,3171.0,4102.0,0.797263,35.3496,59.1673
HADES,hadesmnk,A,1601,120.87,21.0,13.1289,7.4,155.0,155.0,1.0,59.8,53.1,51.6,21.9,48.3,19.8,0.0,254.5,1601,1200.5,1546.16,1595.51,1607.35,1962.62,2576.3,1601.0,2710.0,3185.0,0.59299,24.9391,49.1753
HAERETICUS,haeretic,A,1549,102.69,25.0,14.8757,2.8,208.0,208.0,1.0,59.6,55.2,51.9,12.1,20.5,10.8,0.0,210.1,1549,1174.5,1572.9,1616.82,1633.36,1895.42,2443.21,1589.0,2585.0,3146.0,0.73235,28.1016,52.4339
HARD BRAIN,hrdbrain,A,1791,125.52,22.8,15.3207,1.8,155.0,155.0,1.0,105.2,62.8,81.8,17.4,26.7,3.6,3.5,301.0,1786,1293.0,1510.86,1536.97,1549.29,1771.72,2108.25,1914.0,3357.0,3815.0,0.839764,4.9616,28.1536
Hat Surprise (Season 2),hatsurp2,A,1729,113.42,19.6,15.0649,3.4,180.0,180.0,1.0,61.3,61.8,45.2,8.1,18.3,11.5,0.0,206.2,1729,1264.5,1311.35,1425.6,1487.92,1763.8,2215.59,1729.0,3048.0,3450.0,0.666455,6.3502,33.223
Here We Go Now,here_now,A,1690,115.85,23.4,14.4655,6.2,170.0,170.0,1.0,61.3,72.8,56.3,19.0,24.0,17.8,13.7,264.9,1676,1238.0,1478.16,1535.76,1571.03,1824.04,2317.27,1690.0,2946.0,3362.0,1.118191,3.1249,22.4463
Hollywood Galaxy,holywood,A,1299,105.89,23.0,12.1679,1.4,186.0,186.0,1.0,55.5,48.2,53.7,13.6,31.5,3.1,36.1,241.7,1260,1030.0,1518.04,1587.43,1618.45,1879.43,2317.08,1392.0,2355.0,2776.0,0.688944,17.7898,39.076
hora de verdad,horadeve,A,1564,138.29,16.8,11.6433,1.2,120.0,280.0,2.3333,11.6,68.3,9.3,0.0,14.3,3.7,5.9,113.1,1552,1176.0,1425.72,1532.05,1599.73,1895.09,2374.13,1564.0,2576.0,3103.0,0.825221,20.7913,44.3222
HYENA,hyena,X,1470,117.39,17.4,12.3847,5.4,178.0,178.0,1.0,56.6,39.7,42.5,22.4,42.0,10.1,40.4,253.7,1418,1109.0,1654.32,1688.51,1697.69,1985.13,2593.92,1894.0,3068.0,3761.0,0.761749,25.163,47.2577
I,i_chroma,A,1901,120.53,22.8,15.6876,2.8,225.0,225.0,1.0,65.1,62.3,55.0,13.5,28.1,6.9,36.5,267.4,1859,1329.5,1474.41,1543.97,1579.62,1844.12,2364.36,1901.0,3149.0,3783.0,0.655315,25.2951,47.204
ICARUS,icarus,A,1301,152.65,25.0,8.4863,4.0,120.0,251.0,2.0917,54.8,37.6,40.2,24.4,69.9,8.8,0.0,235.7,1301,1050.5,1244.62,1455.49,1589.36,1988.64,2588.77,1301.0,2039.0,2580.0,0.541662,42.3406,62.3777
ICARUS†,icarusl,A,2000,152.65,30.8,13.051,4.8,120.0,251.0,2.0917,77.3,82.9,68.7,48.4,88.4,8.9,0.0,374.6,2000,1400.0,1787.43,1900.89,2152.14,2812.77,4636.27,2000.0,2844.0,3906.0,0.691926,51.2362,74.6784
Idola,idola,A,1826,124.25,22.0,14.5136,2.4,201.0,201.0,1.0,50.8,74.7,53.6,16.6,25.9,5.0,0.0,226.6,1826,1313.0,1383.87,1468.98,1527.8,1767.65,2160.13,1826.0,3227.0,3643.0,0.675917,4.9929,32.7397
Ignis†Iræ,ignisira,A,1970,124.42,23.0,15.7056,3.4,120.0,191.0,1.5917,63.1,46.9,73.5,31.6,36.7,20.7,50.5,323.0,1865,1332.5,1675.65,1735.21,1753.93,2119.18,2836.83,1970.0,2985.0,3874.0,0.779917,38.2576,62.8343
Illegal Function Call,illegal,X,1379,121.85,17.2,11.2885,1.2,260.0,260.0,1.0,90.7,15.1,78.6,24.1,38.2,4.4,0.0,251.1,1379,1089.5,1846.97,1925.39,1936.39,2383.32,3195.74,2023.0,2716.0,3912.0,0.846101,52.9979,80.5291
Illusionary Waterlily,illuswtr,A,1791,118.75,21.8,14.9328,4.8,180.0,180.0,1.0,81.3,55.4,65.2,5.7,26.9,12.0,4.0,250.5,1784,1292.0,1511.8,1572.77,1600.22,1875.6,2417.39,1803.0,2986.0,3591.0,0.713498,21.6462,42.6252
IMPLANTATION,implant,A,1030,91.03,17.6,11.0913,1.4,145.0,145.0,1.0,74.0,43.3,60.4,23.3,138.0,1.8,0.0,340.8,1030,915.0,1457.09,1561.08,1596.86,1930.22,2430.88,1163.0,1931.0,2326.0,0.484968,,
Inferno of Fomalhaut,inffomal,A,1500,121.6,23.0,12.6695,5.8,150.0,150.0,1.0,73.0,41.9,51.5,20.1,123.6,33.0,60.8,403.9,1465,1132.5,1540.87,1646.3,1682.29,2105.09,2764.15,1701.0,2483.0,3341.0,0.639894,48.9565,70.809
innocent revolver,inorevol,A,1990,124.65,19.8,15.8544,2.6,310.0,310.0,1.0,79.2,60.7,74.7,29.1,65.5,6.3,0.0,315.5,1990,1395.0,1434.43,1516.28,1559.31,1843.58,2409.29,1990.0,3337.0,3947.0,0.788895,19.4455,44.4805
Innocent Walls,innocent,A,1272,117.77,18.8,10.6627,4.2,155.0,155.0,1.0,42.3,38.4,27.0,6.2,93.7,15.0,0.0,222.6,1272,1036.0,1249.63,1445.76,1554.61,1962.36,2630.84,1446.0,2466.0,2886.0,0.536964,23.1704,45.2385
INSOMNIA,insomnia,A,1494,118.15,19.8,12.4655,7.2,195.0,195.0,1.0,29.8,68.0,35.3,13.3,30.8,48.8,0.0,226.0,1494,1147.0,1507.94,1590.6,1627.5,1945.77,2519.55,1661.0,2724.0,3305.0,0.65032,27.1711,48.5818
Invitation from Mr.C,invi_mrc,A,1281,108.52,20.6,11.6661,4.0,230.0,230.0,1.0,15.4,51.0,15.2,0.6,15.3,18.9,8.2,124.6,1273,1036.5,1435.03,1548.43,1600.54,1903.56,2393.67,1405.0,2257.0,2796.0,0.711063,26.5406,46.6777
invoker,invoker,A,1851,125.54,23.2,14.6508,5.8,195.0,195.0,1.0,55.2,49.6,51.8,3.2,17.6,28.9,0.0,206.3,1851,1325.5,1252.59,1379.02,1455.6,1728.65,2114.65,1624.0,2890.0,3238.0,0.636904,-2.1064,34.7968
invoker†LEGGENDARIA,invokerl,A,1851,125.54,23.2,14.6508,5.8,195.0,195.0,1.0,55.2,49.6,51.8,3.2,17.6,28.9,0.0,206.3,1851,1325.5,1612.33,1658.87,1667.81,2006.82,2695.18,1851.0,3078.0,3664.0,0.66994,27.8474,53.7639
JOMANDA,jomanda,A,1851,123.14,23.0,14.8403,2.6,90.0,300.0,3.3333,64.4,59.0,53.4,13.8,23.2,9.7,0.0,223.5,1851,1325.5,1538.03,1624.32,1704.77,2004.09,2471.06,1918.0,2915.0,3804.0,0.720679,34.5431,54.8326
JUSTICE/GUILTY feat. Nana Takahashi & 709sec.,justiceg,A,1959,129.92,19.2,14.9292,4.4,183.0,183.0,1.0,37.1,68.3,33.1,19.0,25.9,10.1,0.0,193.5,1959,1379.5,1343.18,1449.36,1515.92,1787.68,2226.76,1959.0,3537.0,3906.0,0.793347,-7.6241,23.5351
KAISER PHOENIX,kaiserph,A,1894,101.65,28.6,18.5255,2.0,170.0,170.0,1.0,86.7,82.8,99.2,55.7,64.2,4.6,0.0,393.2,1894,1347.0,1576.79,1649.12,1679.41,1957.97,2541.23,1693.0,2745.0,3367.0,0.717328,25.7484,46.8112
KAISER PHOENIX†,kaiserpl,A,1894,101.65,28.6,18.5255,2.0,170.0,170.0,1.0,86.7,82.8,99.2,55.7,64.2,4.6,0.0,393.2,1894,1347.0,1754.02,1806.97,1820.19,2070.85,2609.66,2026.0,3134.0,4026.0,0.751377,29.775,49.5977
KAMAITACHI,kmitachi,X,1368,113.55,18.4,11.9246,2.4,165.0,165.0,1.0,84.9,24.3,56.7,8.3,24.9,5.9,0.0,205.0,1368,1084.0,1807.79,1865.75,1882.78,2182.89,2778.08,2000.0,3065.0,3968.0,0.795444,29.9875,50.6037
KAMAITACHI†,kmitachl,A,1958,113.55,28.2,16.9965,6.2,165.0,165.0,1.0,92.1,60.7,84.2,54.7,64.0,26.2,0.0,381.9,1958,1379.0,1807.79,1865.75,1882.78,2182.89,2778.08,2000.0,3065.0,3968.0,0.795444,29.9875,50.6037
KILL EACH OTHER,killeach,A,1838,128.98,23.2,15.4695,2.0,162.0,162.0,1.0,94.0,55.8,92.3,26.2,40.5,9.9,0.0,318.7,1838,1319.0,1513.02,1555.93,1574.35,1800.64,2170.7,1945.0,3372.0,3879.0,0.756716,9.8142,32.4383
KING,king,X,1981,130.12,18.8,15.113,2.4,166.0,166.0,1.0,65.7,86.4,63.5,10.9,19.7,7.4,0.0,253.6,1981,1390.5,1311.78,1412.0,1475.23,1734.45,2098.24,1983.0,3579.0,3957.0,0.782857,-7.2038,22.5231
Konzert V,konzertv,A,1678,121.5,24.6,13.7426,2.0,160.0,160.0,1.0,56.4,61.1,70.5,53.6,45.3,4.3,0.0,291.2,1678,1239.0,1404.31,1521.49,1586.47,1883.41,2345.67,1710.0,2908.0,3403.0,0.78066,14.9383,38.1614
kors k's How to make OTOGE CORE 「LONG」,korsklng,A,1856,127.58,22.4,14.4828,3.6,190.0,190.0,1.0,51.4,60.1,43.2,8.8,19.3,16.9,27.4,227.1,1817,1308.5,1475.51,1568.14,1612.88,1951.21,2692.17,1863.0,3093.0,3686.0,0.733106,25.3429,51.5259
Kung-fu Empire,kung_fu,X,1657,130.17,17.6,12.6351,2.0,177.0,177.0,1.0,56.6,49.6,54.7,13.7,36.1,5.6,0.0,216.3,1657,1228.5,1390.59,1481.16,1527.72,1789.27,2171.88,1999.0,3500.0,3988.0,0.60334,11.7607,38.5035
Kung-fu Empire†,kungfu_l,A,1973,130.17,19.2,15.0473,2.0,177.0,177.0,1.0,69.1,69.0,62.9,13.8,34.1,5.3,0.0,254.2,1973,1386.5,1390.59,1481.16,1527.72,1789.27,2171.88,1999.0,3500.0,3988.0,0.60334,11.7607,38.5035
L.F.O,lfo,A,1570,121.33,23.4,13.9893,1.8,180.0,180.0,1.0,80.4,50.3,64.7,8.2,20.1,6.4,0.0,230.1,1570,1185.0,1456.65,1521.6,1547.01,1800.13,2173.43,1687.0,2915.0,3367.0,0.632628,14.7074,37.6363
LASER CRUSTER,lcruster,A,1417,115.26,19.6,12.28,1.8,152.0,152.0,1.0,82.3,48.1,82.3,25.1,53.8,6.0,0.0,297.6,1417,1108.5,1299.49,1406.89,1481.27,1737.13,2205.48,1644.0,2843.0,3276.0,0.692283,13.2729,37.8678
LASER CRUSTER (IGNITE REMIX),lcrust_h,A,1725,120.09,22.0,15.4414,8.2,174.0,174.0,1.0,78.5,50.5,78.2,23.3,42.6,33.2,9.4,315.7,1711,1255.5,1536.58,1594.37,1617.05,1921.95,2448.4,1824.0,3015.0,3630.0,0.689848,23.7904,45.5104
Last Dance,lstdance,A,1563,115.2,22.6,13.469,1.4,150.0,150.0,1.0,100.2,52.9,96.6,47.2,67.3,4.8,0.0,369.0,1563,1181.5,1457.67,1520.66,1560.9,1822.15,2408.58,1650.0,2821.0,3293.0,0.633578,17.3543,39.0191
Lethal Weapon,lethalwp,A,1565,116.0,19.4,14.5645,1.8,90.0,180.0,2.0,69.8,49.9,62.7,14.4,30.8,7.4,0.6,235.6,1564,1182.0,1365.86,1474.13,1547.06,1822.38,2228.45,1646.0,2834.0,3274.0,0.767361,12.8927,38.0059
Level 2,level2,A,1488,121.6,19.4,12.1902,9.0,150.0,150.0,1.0,53.9,37.1,49.2,20.5,26.7,68.9,17.1,273.4,1465,1132.5,1397.05,1531.73,1594.56,1976.58,2562.86,1488.0,2444.0,2951.0,0.700916,27.093,50.836
Level 3,level3,A,1844,116.66,22.4,15.6291,11.6,175.0,175.0,1.0,48.9,36.9,43.0,9.3,20.0,264.9,3.1,426.1,1840,1320.0,1625.26,1681.67,1699.99,2086.9,2849.25,1844.0,2972.0,3649.0,0.63235,35.1719,58.6238
Level 4,level4,A,1883,121.33,20.6,15.4049,8.8,180.0,180.0,1.0,35.5,38.0,31.4,12.2,25.5,148.5,5.3,296.4,1875,1337.5,1617.75,1736.38,1804.23,2234.78,2845.17,1883.0,2863.0,3718.0,0.726072,37.7779,60.1959
Level 5,level5,A,1937,125.84,21.0,15.3651,9.8,185.0,185.0,1.0,23.1,32.7,25.3,16.3,41.0,114.7,5.6,258.7,1925,1362.5,1798.39,1889.63,1912.83,2383.18,2883.82,1937.0,2853.0,3815.0,0.631598,46.9924,68.1419
Level One,levelone,A,1734,124.94,20.8,14.9235,9.4,173.0,173.0,1.0,45.6,38.1,47.7,13.3,24.6,76.2,9.2,254.7,1715,1257.5,1603.73,1704.38,1796.03,2184.5,2806.34,1857.0,2757.0,3681.0,0.721711,36.7231,56.6202
Liberation,liberatn,A,1905,128.0,22.0,14.707,1.0,150.0,150.0,1.0,104.0,57.5,94.4,39.3,106.0,1.4,0.0,402.6,1905,1352.5,1375.56,1470.09,1525.71,1866.57,2645.98,1905.0,3241.0,3800.0,0.599401,20.7926,42.9657
Life Is A Game ft.DD\Metal,lifegame,A,1775,121.92,24.6,14.3885,2.8,195.0,195.0,1.0,43.8,83.3,35.8,16.7,31.2,7.6,0.0,218.4,1775,1287.5,1590.52,1641.88,1655.63,1937.83,2479.14,1775.0,3031.0,3521.0,1.04657,8.4805,31.7432
LIGHTNING STRIKES,lightstr,A,2153,111.72,26.8,19.1107,2.6,174.0,174.0,1.0,91.3,89.3,94.2,36.7,33.7,6.2,22.6,374.0,2120,1460.0,1288.81,1391.18,1456.01,1694.84,1982.83,1639.0,2979.0,3274.0,0.760029,-9.6677,19.171
Lightspeed,lightspd,A,1606,110.4,20.6,14.4631,4.6,200.0,200.0,1.0,36.8,63.7,33.2,6.5,13.5,12.8,24.6,191.1,1558,1179.0,1451.55,1558.86,1607.99,1887.08,2412.52,1606.0,2817.0,3190.0,0.919238,4.5915,30.4281
Little Little Princess,littlepr,X,1869,130.59,24.8,14.2504,1.8,180.0,212.0,1.1778,35.4,74.6,29.3,6.1,22.9,5.3,0.0,173.6,1869,1334.5,1501.4,1554.94,1572.4,1849.71,2334.62,1946.0,3499.0,3860.0,0.765332,-8.2922,33.2043
Little Little Princess†,littlepl,A,1869,130.59,24.8,14.2504,1.8,120.0,212.0,1.7667,35.4,74.6,29.3,6.1,22.9,5.3,0.0,173.6,1869,1334.5,1501.4,1554.94,1572.4,1849.71,2334.62,1946.0,3499.0,3860.0,0.765332,-8.2922,33.2043
Little Star,ltl_star,A,1431,116.72,18.2,12.147,2.4,183.0,183.0,1.0,78.4,27.2,80.2,14.6,30.0,10.1,0.0,240.5,1431,1115.5,1303.75,1402.31,1460.79,1713.06,2093.99,1635.0,2809.0,3254.0,0.643784,18.0994,43.713
LIVE DRIVING!! feat. 花たん,livedriv,A,1947,123.79,20.0,15.6403,3.0,190.0,190.0,1.0,42.2,75.8,39.4,7.9,22.8,11.1,0.0,199.2,1947,1373.5,1395.17,1492.49,1540.35,1817.38,2331.69,1947.0,3462.0,3886.0,0.631221,-0.9054,32.9926
LOCUS OF THE TRAVEL,locustrv,A,1920,120.08,20.2,15.7835,8.2,182.0,182.0,1.0,54.2,46.7,55.8,16.5,32.7,31.6,58.8,296.3,1826,1313.0,1570.94,1670.44,1714.46,2108.62,2803.6,1920.0,2977.0,3796.0,0.756265,33.5997,56.3621
Lost Souls,lostsoul,X,2000,105.16,28.6,18.734,3.0,185.0,185.0,1.0,80.6,89.6,83.5,35.7,25.8,4.6,0.0,319.8,2000,1400.0,1769.74,1792.44,1794.53,2037.84,2555.71,2000.0,3228.0,3992.0,0.750335,20.4455,37.6225
LOST TECHNOLOGIE,losttech,A,1706,125.35,20.8,14.9526,3.4,157.0,157.0,1.0,88.8,48.2,82.3,26.6,47.1,13.4,8.8,315.2,1683,1241.5,1482.06,1548.91,1578.54,1866.19,2414.54,1822.0,2987.0,3589.0,0.827773,25.8467,53.8578
M4K3 1T B0UNC3,m4k3_1t,A,1490,116.8,21.8,12.7179,3.0,150.0,150.0,1.0,53.4,63.0,50.0,26.8,43.5,10.9,7.9,255.5,1473,1136.5,1401.98,1477.2,1516.9,1786.14,2267.22,1546.0,2735.0,3075.0,0.798671,2.9592,31.9729
Mächö Mönky,machomnk,A,1508,120.0,23.8,13.963,6.4,150.0,150.0,1.0,46.8,62.1,48.1,28.2,53.5,29.3,0.0,268.0,1508,1154.0,1543.54,1614.61,1647.6,1965.36,2509.92,1588.0,2576.0,3134.0,0.754658,29.625,55.569
MAD ATTACK,madatack,X,966,104.57,14.0,9.1448,4.8,140.0,140.0,1.0,21.8,35.9,18.2,13.9,48.4,18.5,14.8,171.5,923,861.5,1367.11,1493.8,1613.69,2034.52,2578.11,1396.0,2180.0,2756.0,0.617418,41.3174,63.7612
Mare Nectaris,marenect,A,2092,121.93,27.8,16.9852,3.0,256.0,256.0,1.0,90.5,49.2,112.2,60.3,72.6,6.8,0.0,391.6,2092,1446.0,1915.85,1978.58,1981.83,2534.47,4436.24,2094.0,2953.0,3993.0,0.883412,56.8838,91.4293
Marie Antoinette,marieant,X,1287,125.96,14.8,10.1175,1.8,120.0,248.0,2.0667,19.1,44.9,19.5,3.8,20.8,6.2,0.0,114.3,1287,1043.5,1619.65,1645.23,1654.69,1981.58,2449.72,1618.0,2820.0,3230.0,0.640753,11.4795,35.3844
MARLIN,marlin,A,1798,117.39,19.4,15.1441,2.6,184.0,184.0,1.0,67.4,58.0,59.5,14.6,32.9,13.0,0.0,245.4,1798,1299.0,1416.13,1509.71,1567.79,1814.91,2293.45,1798.0,3091.0,3581.0,0.764346,12.5648,36.0701
Matt Silver,mattsilv,A,1528,120.1,20.2,14.0704,4.4,146.0,146.0,1.0,99.3,49.6,99.7,17.9,43.2,5.4,0.0,315.1,1528,1164.0,1397.97,1470.3,1506.48,1783.97,2283.16,1707.0,2975.0,3401.0,0.696187,10.8217,36.8059
MAX 300,max_300,A,1429,88.35,28.0,15.9258,1.6,12.0,300.0,25.0,47.2,85.1,64.1,57.4,35.6,4.9,0.0,294.3,1429,1114.5,1552.08,1622.1,1655.86,1942.04,2459.31,1429.0,2375.0,2856.0,0.54222,24.757,42.0663
MAXIMUM CHEAT GIRL,maxcheat,A,1842,124.64,20.6,14.608,3.4,210.0,210.0,1.0,52.2,46.2,43.8,6.2,19.0,18.2,0.0,185.6,1842,1321.0,1483.2,1557.9,1588.61,1876.54,2416.07,1842.0,3079.0,3661.0,0.647513,25.1991,48.8726
MEGAERA,megaera,A,1790,120.07,28.2,14.7008,3.2,206.0,206.0,1.0,44.7,75.4,48.0,31.1,33.6,8.8,10.4,252.0,1781,1290.5,1704.63,1756.31,1768.51,2059.09,2613.92,1790.0,2903.0,3562.0,0.70093,26.014,46.708
Megalara Garuda,megalara,A,1543,114.67,21.4,13.3757,1.0,180.0,180.0,1.0,50.2,62.4,48.8,19.0,39.8,3.1,34.9,258.2,1480,1140.0,1359.99,1471.12,1535.58,1795.88,2200.92,1543.0,2726.0,3078.0,0.742109,3.9175,29.6157
Meissa,meissa,A,1435,120.4,26.8,11.8562,1.4,120.0,174.0,1.45,53.9,50.7,49.4,14.1,26.0,2.4,16.8,213.3,1412,1106.0,1387.26,1494.15,1545.66,1797.14,2113.09,1435.0,2538.0,2869.0,0.475636,9.3649,37.2979
MENDES,mendes,A,1603,118.04,23.2,13.4521,1.6,168.0,168.0,1.0,83.8,61.8,82.5,26.3,72.1,4.0,0.0,330.5,1603,1201.5,1562.79,1614.45,1653.16,1871.39,2268.74,1831.0,2967.0,3650.0,0.779052,20.6274,39.3451
Mid-Corner (Magic Maker),mid_crnr,A,1611,119.27,20.8,13.4033,6.6,165.0,165.0,1.0,74.1,56.0,65.5,21.1,34.1,16.9,17.0,284.7,1601,1200.5,1430.2,1521.33,1564.85,1848.05,2438.68,1611.0,2782.0,3199.0,0.879371,9.6332,35.1714
Million Dollar,mldollar,A,1762,129.0,19.8,13.6512,4.8,180.0,180.0,1.0,84.3,45.6,66.1,13.4,17.3,8.6,41.4,276.7,1712,1256.0,1384.96,1475.37,1545.2,1827.52,2383.99,1762.0,2970.0,3490.0,0.76642,20.185,46.8959
Miracle 5ympho X,miracle5,X,1295,122.29,18.2,10.5138,3.6,210.0,210.0,1.0,17.5,43.3,6.0,1.8,4.9,12.3,8.5,94.3,1279,1039.5,1521.06,1712.11,1823.82,2324.12,2939.35,1551.0,2346.0,3068.0,0.670274,39.7963,60.7551
Monopole.,monopole,A,1706,115.82,21.4,14.6828,1.8,201.0,201.0,1.0,45.2,65.5,42.7,23.1,40.9,6.1,23.6,247.1,1685,1242.5,1489.21,1577.13,1613.78,1949.13,2633.59,1729.0,2877.0,3445.0,0.61305,25.596,46.8222
moon_child,m_child,A,1300,120.84,19.0,11.0957,3.2,120.0,160.0,1.3333,52.4,44.8,53.0,18.8,80.3,9.4,0.0,258.7,1300,1050.0,1346.59,1443.77,1488.69,1762.0,2118.96,1300.0,2311.0,2590.0,0.680512,0.0,34.0162
mosaic,mosaic,A,1002,100.85,22.0,10.8681,2.8,188.0,188.0,1.0,1.3,80.6,2.5,1.4,12.0,12.1,0.0,109.9,1002,901.0,1304.8,1396.53,1463.28,1685.39,1968.43,1509.0,2860.0,3018.0,0.851192,,
n/a,n_a,A,1863,118.66,25.8,15.6168,3.0,85.0,255.0,3.0,80.7,66.7,77.1,32.8,55.3,9.8,27.0,349.4,1835,1317.5,1834.18,1903.66,1918.96,2334.2,3179.56,1867.0,2714.0,3661.0,0.715022,46.3361,69.6454
NEO GENERATOR SEVEN,neogene7,A,1690,118.76,21.8,14.0874,2.8,182.0,182.0,1.0,51.2,64.6,49.1,21.2,28.6,11.4,0.0,226.1,1690,1245.0,1409.84,1519.56,1586.22,1863.22,2328.38,1690.0,2876.0,3365.0,0.747319,15.6181,38.684
neu,neu,A,1956,288.0,10.8,5.9632,1.2,95.0,95.0,1.0,48.0,52.5,43.6,6.0,2.5,4.4,0.0,157.0,1956,1378.0,1527.08,1574.28,1590.26,1850.92,2359.33,1999.0,3481.0,3978.0,0.789716,8.8062,34.3614
New Castle Legions,nwcasl26,A,1263,119.29,17.4,12.0538,2.2,120.0,180.0,1.5,77.8,30.5,58.4,5.9,19.0,7.4,14.9,213.9,1245,1022.5,1527.83,1591.25,1616.27,1938.06,2451.33,1418.0,2380.0,2820.0,0.704196,21.0623,44.4698
NEW GENERATION-もう、お前しか見えない-,new_gene,X,1265,117.82,20.8,10.6661,2.4,165.0,165.0,1.0,50.5,37.9,41.3,14.6,33.7,10.3,0.0,188.3,1265,1032.5,1537.9,1633.08,1671.01,1955.69,2468.52,1895.0,3097.0,3760.0,0.734261,25.7965,49.0219
Nightmare before oversleep,nightbfr,A,1387,125.05,21.4,11.0,2.0,190.0,190.0,1.0,45.6,50.3,48.6,5.1,24.2,3.2,0.0,177.0,1387,1093.5,1422.38,1495.12,1531.36,1760.68,2101.49,1500.0,2680.0,2993.0,0.667797,-4.9812,30.6427
NINJA IS DEAD IIDX ver.,ninja_dd,A,1520,114.5,19.2,13.1426,2.0,111.0,222.0,2.0,23.0,64.4,24.3,3.8,11.3,4.7,0.0,131.5,1520,1160.0,1216.34,1379.56,1484.08,1769.4,2146.69,1520.0,2720.0,3033.0,0.72358,-4.6303,27.3913
NITROUS CANNON,nitrous,A,1875,122.22,21.0,15.1691,3.6,169.0,169.0,1.0,84.6,49.6,84.0,28.3,50.6,17.0,0.0,314.1,1875,1337.5,1486.8,1572.04,1612.06,1939.03,2529.7,1875.0,3071.0,3720.0,0.863294,20.1431,43.1498
NNRT,nnrt,A,1672,134.26,20.2,12.3852,2.8,101.0,202.0,2.0,43.1,60.2,34.9,10.4,23.4,8.0,0.0,180.0,1672,1236.0,1372.2,1465.03,1512.77,1768.26,2219.23,1780.0,3163.0,3549.0,0.70422,0.6021,31.5098
No Border,noborder,A,1895,124.8,22.4,15.2548,1.4,150.0,150.0,1.0,91.1,72.1,86.2,20.5,40.4,2.3,0.0,312.6,1895,1347.5,1424.55,1488.6,1520.39,1783.72,2197.59,1895.0,3315.0,3754.0,0.897926,6.2816,35.396
NOIXIA,noixia,A,2027,119.27,25.6,16.8167,1.6,165.0,165.0,1.0,80.0,60.7,75.0,26.2,40.3,5.5,98.3,386.0,1807,1303.5,1598.43,1642.13,1656.37,1946.65,2682.65,2027.0,3437.0,4023.0,0.937881,12.0548,35.9351
Nothing but Theory,nbtheory,X,1424,123.0,16.2,11.4774,2.6,160.0,160.0,1.0,62.3,46.0,50.4,7.2,27.4,6.8,0.6,200.7,1423,1111.5,1353.73,1428.57,1474.9,1725.47,2136.01,,,,,,
O/D*20,o_d_20,X,960,113.13,12.6,8.3789,3.6,155.0,155.0,1.0,47.8,35.8,20.6,1.2,11.6,7.4,0.0,124.4,960,880.0,1550.45,1604.78,1634.41,1899.96,2465.84,1984.0,3341.0,3947.0,0.670288,21.8793,45.3167
ONE AND ONLY,one_only,A,1639,125.52,19.8,12.9714,4.0,174.0,174.0,1.0,73.1,41.1,58.1,20.0,24.3,18.3,0.0,234.9,1639,1219.5,1322.22,1441.72,1507.57,1786.75,2263.56,1639.0,2811.0,3256.0,0.74441,15.3495,41.4793
One for All,oneforal,A,1632,123.08,21.4,13.1565,6.0,195.0,195.0,1.0,29.0,68.8,24.8,4.0,22.7,18.8,4.1,172.2,1629,1214.5,1473.48,1564.57,1601.45,1928.63,2544.53,1632.0,2785.0,3257.0,0.558073,21.8686,43.9277
One More Lovely,onemore,A,1452,106.8,23.2,13.5103,1.4,200.0,200.0,1.0,84.3,32.6,45.8,18.0,51.0,3.0,0.0,234.7,1452,1126.0,1523.18,1548.58,1554.57,1883.69,2465.43,1452.0,2477.0,2896.0,0.623296,19.092,41.4767
one or eight,oneeight,A,1133,92.9,18.0,12.0022,3.8,155.0,155.0,1.0,45.5,34.7,36.7,13.9,51.8,16.2,0.0,198.8,1133,966.5,1215.48,1422.25,1507.15,1909.04,2599.34,1177.0,1971.0,2342.0,0.663812,23.0523,45.9371
oratio,oratio,A,1338,125.93,19.8,10.5968,2.2,162.0,162.0,1.0,69.6,48.1,50.9,26.3,52.4,5.6,0.0,252.9,1338,1069.0,1384.56,1473.14,1517.43,1772.02,2134.8,1493.0,2656.0,2978.0,0.800903,-0.5835,25.8556
ORCA,orca,A,1795,117.68,22.8,15.1932,2.6,155.0,155.0,1.0,80.7,64.7,73.2,18.3,46.1,10.5,1.8,295.3,1792,1296.0,1519.87,1584.21,1613.49,1885.23,2409.88,1795.0,2966.0,3545.0,0.865507,21.5822,48.4323
OTENAMI Hurricane,otenamih,A,1627,117.28,20.4,13.7102,5.0,215.0,215.0,1.0,39.0,46.8,36.8,8.3,22.9,18.5,5.1,177.4,1621,1210.5,1467.63,1550.6,1582.99,1901.02,2539.09,1643.0,2728.0,3259.0,0.66563,26.9207,51.4177
Out of Control,outcntrl,A,1598,120.0,19.2,13.1901,2.8,185.0,185.0,1.0,69.6,40.6,53.6,15.9,38.0,8.1,20.2,246.0,1578,1189.0,1345.39,1472.25,1539.65,1862.75,2507.38,1598.0,2673.0,3162.0,0.662584,27.2733,53.979
Override,override,X,2201,119.31,26.0,18.3067,3.4,175.0,175.0,1.0,82.6,81.4,81.5,21.7,39.8,8.3,0.0,315.3,2201,1500.5,1694.44,1722.2,1727.48,1981.45,2541.52,2204.0,3649.0,4383.0,0.80769,19.0317,40.9713
Painful Fate,painfate,A,1646,123.75,22.4,14.273,1.2,192.0,192.0,1.0,72.8,59.8,71.6,5.0,17.6,2.3,51.6,280.7,1578,1189.0,1546.75,1599.09,1617.21,1872.61,2381.81,1702.0,2892.0,3396.0,0.664278,17.4682,38.5751
Papilio ulysses,papilio,A,1350,118.67,18.6,11.3345,7.6,180.0,180.0,1.0,82.8,20.9,66.9,10.7,25.8,35.3,18.1,260.5,1325,1062.5,1399.32,1531.51,1597.52,1912.96,2392.87,1498.0,2493.0,2983.0,0.691824,22.102,43.6388
PARADISE LOST,paralost,A,1352,126.08,22.8,10.5606,4.4,200.0,200.0,1.0,47.8,34.4,45.1,30.1,55.9,14.8,15.1,243.2,1337,1068.5,1615.08,1668.11,1681.42,1977.1,2539.29,1718.0,2709.0,3411.0,0.762906,28.2753,49.386
PARANOiA ～HADES～,pr_hades,A,1247,99.2,21.4,12.426,1.2,75.0,300.0,4.0,74.3,57.3,77.9,60.7,94.2,2.2,0.0,366.6,1247,1023.5,1562.52,1648.59,1708.0,2030.23,2541.81,1395.0,2262.0,2775.0,0.705585,26.1652,47.1162
Pārvatī,parvati,A,1467,118.32,20.0,12.7287,2.2,205.0,205.0,1.0,48.3,39.9,45.2,8.7,24.5,8.9,0.0,175.5,1467,1133.5,1342.15,1451.4,1498.9,1807.39,2330.86,1467.0,2529.0,2905.0,0.730912,16.1157,45.9584
Peaktime Booster,peaktime,A,1663,118.75,18.4,13.8403,8.2,180.0,180.0,1.0,57.8,26.3,37.6,5.4,17.0,48.3,0.0,192.4,1663,1231.5,1418.1,1566.77,1638.17,2033.14,2623.77,1663.0,2650.0,3308.0,0.695396,28.7124,48.8943
perditus†paradisus,perditus,A,2038,125.67,26.0,16.0111,2.0,172.0,172.0,1.0,106.8,58.4,109.3,35.0,60.2,2.4,75.9,448.0,1983,1391.5,1725.26,1762.61,1767.53,2081.91,3047.17,2065.0,3156.0,4049.0,0.836376,36.789,63.4398
Persephone,prsphone,A,1482,119.32,19.6,12.27,3.8,155.0,155.0,1.0,63.5,51.8,70.8,25.5,43.8,13.7,0.0,269.1,1482,1141.0,1382.6,1467.5,1506.05,1784.17,2254.62,1539.0,2668.0,3060.0,0.706211,13.3908,40.6745
Phoenix,phoenix,X,1260,110.54,14.0,11.2685,2.6,176.0,176.0,1.0,55.7,28.5,36.3,3.4,15.1,5.6,1.6,146.2,1259,1029.5,1760.08,1794.27,1800.35,2069.78,2681.0,2027.0,3181.0,4033.0,0.807205,24.7366,44.0886
Plan 8,plan8,A,1627,121.2,28.4,13.2672,10.4,212.0,212.0,1.0,12.1,52.0,10.5,7.5,27.1,82.4,0.0,191.6,1627,1213.5,1781.72,1816.96,1821.18,2257.39,2937.15,1690.0,2676.0,3338.0,0.681647,35.8988,59.6275
PLASMA SOUL NIGHT feat. Nana Takahashi / 709sec.,plasmasn,A,2271,124.04,21.8,18.1472,3.0,178.0,178.0,1.0,78.5,73.4,77.0,17.3,35.6,11.7,0.0,293.5,2271,1535.5,1510.61,1568.14,1599.64,1844.72,2286.98,2271.0,3890.0,4519.0,0.857366,11.0242,33.8874
PLEASE DON'T GO,please,A,773,117.33,12.4,7.2925,2.0,135.0,135.0,1.0,44.8,31.6,19.8,8.3,65.3,16.5,0.0,186.3,773,773.0,1460.86,1526.3,1544.37,1947.78,2636.2,1251.0,2106.0,2497.0,0.555905,24.7168,45.1771
POSSESSION,posesion,A,1410,117.01,20.6,13.2396,1.8,23.0,185.0,8.0435,43.7,87.4,40.9,21.2,14.0,2.5,4.3,214.0,1405,1102.5,1348.66,1453.64,1568.97,1837.0,2278.01,1521.0,2651.0,3033.0,0.68279,10.8419,35.8295
Primitive Vibes,prmvibes,A,1431,118.5,17.6,13.3028,3.4,150.0,150.0,1.0,73.3,55.8,48.8,1.3,26.2,12.3,2.5,220.2,1428,1114.0,1099.67,1270.1,1388.73,1695.48,2129.38,1564.0,2825.0,3125.0,0.612114,-11.6911,27.3381
Proof of the existence,proof_of,A,1675,125.65,22.2,13.2889,2.0,170.0,170.0,1.0,90.9,51.7,84.4,20.3,28.2,4.0,0.0,279.5,1675,1237.5,1469.73,1534.7,1567.72,1812.83,2328.6,1675.0,2792.0,3310.0,0.875579,19.3068,46.2814
PUNISHER,punisher,A,1812,116.08,20.6,15.5483,3.2,180.0,180.0,1.0,67.7,66.5,65.9,12.8,22.3,9.2,0.0,244.4,1812,1306.0,1379.91,1472.27,1526.76,1771.34,2130.89,1812.0,3177.0,3611.0,0.835398,5.2374,28.7112
Push on Beats!～音ゲの国のeX-ストリーマー～,pushonbt,A,1748,115.69,20.0,14.9759,3.6,120.0,172.0,1.4333,65.8,53.6,60.7,16.1,32.9,15.1,0.0,244.2,1748,1274.0,1385.63,1515.83,1580.3,1926.59,2457.23,1748.0,2827.0,3468.0,0.725484,27.7507,50.3583
Purple Perplex,pperplex,A,1562,118.4,19.6,13.0992,6.0,150.0,150.0,1.0,54.6,60.8,50.6,21.7,29.3,35.7,35.5,288.2,1522,1161.0,1559.66,1638.29,1666.26,2044.4,2750.09,1578.0,2530.0,3122.0,0.790038,27.8871,51.8629
QUANTUM TELEPORTATION,quantum,X,1650,127.89,23.4,13.1728,1.4,152.0,152.0,1.0,97.3,60.5,89.1,21.1,36.0,5.6,0.0,309.6,1650,1225.0,1527.9,1581.32,1605.26,1840.9,2193.11,1845.0,3171.0,3680.0,0.701489,13.846,36.2305
QUANTUM TELEPORTATION†,quantuml,A,1650,127.89,23.4,13.1728,1.4,152.0,152.0,1.0,97.3,60.5,89.1,21.1,36.0,5.6,0.0,309.6,1650,1225.0,1527.9,1581.32,1605.26,1840.9,2193.11,1845.0,3171.0,3680.0,0.701489,13.846,36.2305
quaver♪,quaver,A,1745,105.42,23.2,16.3434,2.4,120.0,186.0,1.55,53.1,78.3,45.9,32.0,41.8,4.0,0.0,255.1,1745,1272.5,1533.05,1571.37,1583.25,1827.33,2274.29,1745.0,3108.0,3480.0,0.764215,-1.548,27.6534
quell～the seventh slave～,quell,A,1631,118.39,20.8,13.5866,1.8,140.0,140.0,1.0,94.5,56.1,90.2,25.1,50.4,4.8,0.0,321.1,1631,1215.5,1559.89,1613.24,1628.94,1914.64,2577.04,1646.0,2718.0,3270.0,0.764547,21.9949,44.8622
ra'am,raam,A,1423,103.78,25.8,13.9451,5.4,111.0,222.0,2.0,32.5,74.9,23.1,14.9,23.8,13.4,2.7,185.3,1420,1110.0,1500.01,1587.32,1629.98,1959.68,2538.53,1461.0,2283.0,2890.0,0.70535,35.0064,57.4954
rage against usual,rageagst,A,1479,121.58,24.2,12.1033,2.4,152.0,152.0,1.0,62.0,46.1,50.5,17.3,50.8,13.0,0.0,239.7,1479,1139.5,1458.88,1571.41,1694.04,2035.48,2570.34,1527.0,2461.0,3039.0,0.660603,28.7175,49.012
RAGE feat.H14 of LEONAIR,rage_h14,A,1870,118.55,23.8,15.6353,10.8,166.0,166.0,1.0,30.9,52.9,29.3,4.0,18.0,109.5,7.0,251.6,1862,1331.0,1741.67,1863.14,1907.37,2424.68,3002.75,1886.0,2880.0,3696.0,0.676776,44.8537,69.754
RAIN,rain,A,1568,110.19,20.6,14.1207,1.2,159.0,159.0,1.0,97.0,56.5,97.6,32.7,50.0,1.6,0.8,336.2,1567,1183.5,1435.87,1494.74,1522.87,1756.42,2093.07,1657.0,2921.0,3310.0,0.669764,5.6598,29.8233
Rampage,rampage,A,1827,131.77,22.0,13.7242,4.8,195.0,195.0,1.0,29.9,73.4,22.7,5.1,23.2,14.7,2.1,171.1,1823,1311.5,1349.57,1423.05,1456.22,1721.77,2196.08,1831.0,3350.0,3656.0,0.694586,-15.0,21.248
Raspberry Railgun,rrailgun,A,1459,124.23,19.2,12.975,1.4,142.0,142.0,1.0,73.1,62.4,72.0,21.8,43.7,4.1,0.0,277.1,1459,1129.5,1234.75,1357.82,1427.34,1686.39,2039.02,1606.0,2877.0,3203.0,0.67836,-6.4504,30.4509
Rave Cannon,rvcannon,A,1700,124.5,19.2,13.5984,4.8,160.0,160.0,1.0,63.1,56.1,54.0,22.3,41.1,10.9,19.6,267.1,1693,1246.5,1315.68,1421.24,1485.7,1771.26,2292.25,1700.0,2981.0,3394.0,0.652238,8.8404,33.5595
Rave*it!! Rave*it!!,rave_it,A,1606,104.68,30.0,15.2857,3.8,282.0,282.0,1.0,10.0,182.6,9.4,7.9,8.8,16.6,29.7,265.0,1578,1189.0,1434.24,1546.21,1678.37,1949.53,2445.19,1656.0,2854.0,3306.0,0.784011,9.6195,29.4575
Rave Patroller,ravepatr,A,1623,122.14,20.4,14.2602,2.6,175.0,175.0,1.0,54.4,61.7,33.9,16.3,23.4,5.4,0.0,195.1,1623,1211.5,1450.88,1501.66,1519.83,1780.21,2120.87,1705.0,3078.0,3404.0,0.767826,-7.2841,21.9854
RED ZONE,redzone,X,1439,106.18,18.4,14.9688,2.8,165.0,165.0,1.0,62.8,65.4,58.2,12.1,25.5,7.8,1.7,233.5,1438,1119.0,1290.2,1409.53,1471.74,1747.33,2152.04,1566.0,2799.0,3129.0,0.578627,-6.6989,31.768
RED ZONE†,redzonel,A,1439,106.18,18.4,14.9688,2.8,165.0,165.0,1.0,62.8,65.4,58.2,12.1,25.5,7.8,1.7,233.5,1438,1119.0,1290.2,1409.53,1471.74,1747.33,2152.04,1566.0,2799.0,3129.0,0.578627,-6.6989,31.768
Red. by Full Metal Jacket,red_fmj,A,1554,120.0,18.4,12.7851,9.4,158.0,158.0,1.0,14.2,44.0,12.0,2.1,4.5,90.1,0.0,166.9,1554,1177.0,1381.01,1509.93,1618.7,1937.94,2401.51,1643.0,2716.0,3268.0,0.742981,21.7373,43.7629
Red. by Jack Trance,red_jack,A,1715,118.5,23.0,15.8841,10.0,160.0,160.0,1.0,23.9,59.7,22.5,8.4,21.7,80.2,0.0,216.4,1715,1257.5,1627.81,1735.13,1787.17,2183.66,2752.66,1862.0,2866.0,3700.0,0.673685,34.2417,53.7183
Reflux,reflux,A,1457,116.9,19.8,12.3795,6.0,150.0,150.0,1.0,51.1,52.2,48.2,21.3,44.3,34.0,50.1,301.2,1415,1107.5,1562.48,1636.91,1665.85,2054.81,2901.75,1574.0,2587.0,3105.0,0.884591,22.3356,49.6876
refrain,refrain,A,1857,110.98,21.8,16.5586,0.8,158.0,158.0,1.0,102.1,62.7,104.2,26.7,44.5,1.2,0.0,341.4,1857,1328.5,1487.87,1536.58,1559.82,1784.24,2173.97,1857.0,3208.0,3688.0,0.89128,9.158,34.3079
reunion,reunion,A,1692,128.15,19.6,13.1937,2.8,184.0,184.0,1.0,52.6,71.2,50.4,21.0,41.3,5.3,0.0,241.8,1692,1246.0,1463.13,1559.82,1646.94,2107.56,3074.72,1677.0,2767.0,3324.0,0.85641,19.9753,44.1222
REVOLVER,revolver,X,1655,105.0,23.2,15.7219,2.8,160.0,160.0,1.0,77.7,56.0,72.1,6.1,24.0,10.0,69.4,315.3,1530,1165.0,1628.65,1695.13,1712.5,2020.36,2694.6,1731.0,2710.0,3414.0,0.834786,30.7315,55.5313
Ristaccia,ristacia,A,1242,130.5,18.4,10.4252,1.8,160.0,160.0,1.0,69.1,51.5,66.5,12.0,20.2,7.4,0.0,226.7,1242,1021.0,1217.38,1346.37,1418.56,1686.73,2030.64,1386.0,2503.0,2770.0,0.610896,-11.1626,26.5083
Roar of Chronos,roarchro,A,1991,123.51,21.0,15.9565,3.8,175.0,175.0,1.0,83.9,64.8,70.5,10.7,29.0,10.6,3.7,273.2,1987,1393.5,1443.7,1507.08,1543.23,1772.53,2166.65,1991.0,3510.0,3974.0,0.780004,3.8865,26.8146
rommmo,rommmo,A,1762,117.69,21.6,14.8898,2.4,208.0,208.0,1.0,29.5,75.3,28.7,16.6,26.8,8.4,0.0,185.3,1762,1281.0,1455.92,1551.13,1607.22,1891.35,2371.0,1762.0,2984.0,3511.0,0.761373,15.4372,37.1052
ruin of opals,ruinopal,A,1592,119.01,21.2,13.8278,1.2,120.0,390.0,3.25,81.3,45.8,71.7,12.0,29.3,2.8,27.8,270.7,1568,1184.0,1504.17,1561.15,1584.44,1914.09,2428.26,1646.0,2663.0,3254.0,0.68157,32.5812,57.1389
sakura storm,sakurast,A,927,88.7,16.8,10.4955,3.2,184.0,184.0,1.0,37.4,44.6,30.7,0.0,11.9,15.8,13.6,154.0,909,854.5,1164.45,1314.81,1407.25,1687.97,2072.4,1225.0,2205.0,2447.0,0.604428,-10.6467,29.4109
SAMURAI-Scramble,samurais,X,1219,126.5,17.0,9.5118,7.2,150.0,150.0,1.0,10.3,27.6,18.5,14.6,31.7,69.2,0.0,171.9,1219,1009.5,1887.17,2002.95,2049.01,2571.59,2977.56,1576.0,2137.0,3065.0,0.73483,53.9892,78.0078
Satellite Burst,satburst,A,2000,120.68,24.4,16.635,3.2,177.0,177.0,1.0,82.7,64.7,83.8,24.4,33.6,7.4,9.2,305.8,1992,1396.0,1578.64,1641.4,1665.36,1924.66,2414.18,2000.0,3310.0,3957.0,0.955836,17.1448,42.3446
Saturn,saturn,X,1247,109.94,15.6,11.3036,1.4,155.0,155.0,1.0,65.9,48.6,50.9,4.6,55.4,3.2,0.0,228.6,1247,1023.5,1683.1,1725.22,1737.21,2089.2,2777.25,1783.0,2906.0,3553.0,0.683972,24.6975,44.4172
SAY BAY,saybay,A,1432,117.82,19.2,12.2359,8.4,165.0,165.0,1.0,50.6,46.6,53.4,33.2,61.8,27.9,16.7,290.2,1420,1110.0,1380.02,1483.52,1546.2,1840.64,2294.69,1455.0,2486.0,2894.0,0.879867,11.0835,34.016
Say YEEEAHH,say_yeah,A,1661,119.22,22.4,13.765,2.2,135.0,135.0,1.0,58.8,100.8,50.2,32.8,54.7,3.8,0.0,301.1,1661,1230.5,1375.22,1475.07,1538.23,1802.94,2208.51,1677.0,2886.0,3338.0,0.675397,16.1454,41.479
SCREAM SQUAD,sc_squad,A,607,108.07,12.8,6.8864,5.6,220.0,220.0,1.0,17.8,13.1,13.6,14.0,15.9,26.2,0.0,100.6,607,607.0,1284.77,1438.61,1497.87,1841.83,2321.17,1073.0,1812.0,2134.0,0.627988,23.6424,47.7084
SCREW // owo // SCREW,screwowo,A,0,0.0,0.0,0.0,0.0,114.0,114.0,1.0,0.0,0.0,0.0,0.0,0.0,0.0,0.0,0.0,0,1.0,1512.85,1613.1,1642.71,2100.95,2788.88,1567.0,2623.0,3097.0,0.662777,27.8377,55.2156
Scripted Connection⇒ A mix,script_a,A,1393,120.79,17.8,11.605,1.6,151.0,151.0,1.0,84.6,39.4,78.1,38.3,90.1,3.3,0.0,333.8,1393,1096.5,1386.6,1483.42,1552.53,1865.91,2302.17,1575.0,2684.0,3150.0,0.469314,,
Scripted Connection⇒ H mix,script_h,X,1126,109.77,17.4,10.2926,1.6,151.0,151.0,1.0,78.0,34.3,64.3,26.2,55.4,5.9,0.0,264.1,1126,963.0,1341.85,1463.33,1508.95,1804.43,2277.66,,,,,,
Secrets,secrets,X,1478,118.4,16.2,12.3782,2.8,150.0,150.0,1.0,62.0,54.0,50.9,14.7,33.1,11.5,0.0,226.2,1478,1139.0,1604.15,1659.66,1682.67,1962.55,2451.03,2116.0,3429.0,4217.0,0.675096,25.7506,45.1217
Sense 2007,sens2007,A,1408,116.68,18.0,11.894,3.8,140.0,140.0,1.0,62.5,48.2,47.9,18.1,71.3,20.3,0.0,268.3,1408,1104.0,1464.46,1546.95,1581.01,1876.64,2380.99,1517.0,2519.0,3026.0,0.641191,23.0091,42.9394
Session 9-Chronicles-,session9,A,1614,117.8,20.4,13.6,1.4,120.0,189.0,1.575,82.0,67.2,63.7,14.4,53.9,3.9,0.0,285.1,1614,1207.0,1471.4,1553.18,1603.89,1910.06,2377.67,1852.0,2966.0,3688.0,0.748836,24.4143,43.8982
Seven Times Four,seventm4,A,1763,115.85,20.6,15.0655,4.2,170.0,170.0,1.0,79.3,46.8,69.3,25.8,30.1,11.9,0.0,263.2,1763,1281.5,1423.3,1498.44,1540.2,1806.01,2235.52,1763.0,3056.0,3511.0,0.727736,11.741,36.8771
Shooting Fireball,shootfir,A,1983,123.09,25.2,15.9065,0.8,160.0,160.0,1.0,106.9,67.6,100.4,26.0,43.2,1.6,0.0,345.7,1983,1391.5,1558.26,1580.82,1588.33,1801.8,2191.82,1983.0,3466.0,3958.0,0.779224,6.5679,28.2478
Sigmund,sigmund,A,2251,120.0,26.8,18.595,7.4,200.0,200.0,1.0,93.4,59.8,97.6,40.1,61.0,33.6,27.8,413.3,2219,1509.5,1677.02,1715.72,1720.44,2052.45,2928.09,2029.0,3147.0,4005.0,0.727157,36.1943,59.5385
Sigmund†LEGGENDARIA,sigmundl,A,2251,120.0,26.8,18.595,7.4,200.0,200.0,1.0,93.4,59.8,97.6,40.1,61.0,33.6,27.8,413.3,2219,1509.5,1790.26,1829.56,1832.61,2223.71,3089.13,2267.0,3385.0,4448.0,0.82239,38.9654,64.3697
Silver Bullet,slbullet,A,1662,120.71,20.0,13.8433,1.6,120.0,172.0,1.4333,78.6,41.8,81.3,28.8,55.3,4.0,0.0,289.8,1662,1231.0,1385.77,1486.02,1536.67,1811.93,2214.71,1662.0,2785.0,3279.0,0.776069,23.1191,52.0075
Sinus Iridum,sinusiri,A,1803,121.88,23.0,14.6721,1.0,120.0,256.0,2.1333,84.3,55.9,97.1,43.1,55.5,2.0,88.0,425.9,1718,1259.0,1779.02,1882.11,1939.78,2437.26,inf,1803.0,2431.0,3503.0,0.722318,55.4142,79.2997
Sirius,sirius,A,1637,117.91,20.2,13.7949,3.2,165.0,165.0,1.0,58.8,71.1,49.9,5.9,14.9,11.7,16.2,228.5,1625,1212.5,1318.55,1427.23,1485.77,1758.14,2270.9,1637.0,2915.0,3265.0,0.705777,-1.9409,30.3117
SISYPHUS,sisyphus,A,1399,114.91,21.4,12.2579,8.0,90.0,190.0,2.1111,32.0,68.2,36.9,20.8,26.8,24.0,26.6,235.3,1389,1094.5,1423.46,1548.7,1594.65,1932.9,2454.87,1399.0,2296.0,2773.0,0.579185,34.549,57.93
Skratch Education Lv-1,skedulv1,A,0,0.0,0.0,0.0,0.0,100.0,200.0,2.0,0.0,0.0,0.0,0.0,0.0,0.0,0.0,0.0,0,1.0,1942.95,2005.09,2022.94,2453.15,3095.56,1572.0,1954.0,3066.0,0.662976,58.8175,79.1995
Sky High,skyhigh,A,1943,119.22,23.0,17.4901,1.4,153.0,153.0,1.0,107.9,76.6,103.7,37.3,45.6,2.8,0.0,373.9,1943,1371.5,1515.72,1562.51,1581.79,1798.67,2190.49,1943.0,3298.0,3872.0,0.779919,14.2843,35.8021
Slipstream,slipstrm,A,1799,124.89,24.6,14.2496,4.8,175.0,175.0,1.0,80.0,52.8,80.6,17.5,29.1,16.8,29.9,306.7,1750,1275.0,1529.58,1584.86,1610.76,1900.31,2504.21,1822.0,3048.0,3622.0,0.776432,18.9153,41.9291
Smalt #28598F,smalt,A,1725,119.21,22.2,14.335,5.6,151.0,151.0,1.0,90.0,46.8,72.8,23.9,49.5,13.6,0.0,296.6,1725,1262.5,1465.57,1530.64,1558.62,1841.87,2308.18,1725.0,2982.0,3447.0,0.503921,19.5427,41.7195
Smashing Wedge,smawedge,A,1957,122.86,24.8,15.8488,4.0,215.0,215.0,1.0,47.4,70.4,42.0,11.4,21.5,13.9,3.0,209.6,1956,1378.0,1642.25,1698.71,1715.86,2013.03,2638.8,1957.0,3128.0,3885.0,0.75074,27.5184,49.1901
Snake Stick,snakestk,A,1447,112.55,17.8,12.7965,9.8,145.0,145.0,1.0,59.3,28.5,50.2,5.6,13.8,77.6,0.0,235.0,1447,1123.5,1409.44,1567.24,1653.77,2056.11,2605.13,1447.0,2285.0,2856.0,0.744076,33.471,57.8794
snow storm,snwstorm,X,1409,129.21,14.8,10.876,1.0,145.0,145.0,1.0,90.0,32.5,79.1,8.1,23.5,1.3,0.0,234.5,1409,1104.5,1298.84,1383.37,1423.05,1663.38,1897.83,1709.0,3096.0,3415.0,0.588162,-14.0191,27.7105
Sol Cosine Job 2,soljob2,A,1623,120.25,21.4,13.405,3.4,120.0,200.0,1.6667,63.8,41.1,51.2,12.7,36.0,13.6,0.0,218.4,1623,1211.5,1450.68,1537.93,1567.41,1849.02,2342.52,1625.0,2741.0,3225.0,0.694062,22.0301,47.5939
SOLID STATE SQUAD -RISEN RELIC REMIX-,sss_rrr,A,1670,126.45,22.0,13.1449,2.2,186.0,186.0,1.0,54.8,57.6,51.6,12.3,26.4,6.0,40.8,249.5,1602,1201.0,1453.38,1527.3,1557.47,1834.64,2309.54,1670.0,2929.0,3327.0,0.637665,10.4294,39.1269
SOLID WYVERN,slwyvern,X,1999,106.27,24.8,18.5439,5.0,165.0,165.0,1.0,99.2,72.1,102.6,44.1,36.9,11.2,1.6,367.7,1997,1398.5,1635.78,1665.39,1670.49,1924.57,2387.44,1999.0,3330.0,3967.0,0.784202,20.4709,44.6188
Somnidiscotheque,somnidis,A,1776,118.96,27.0,14.758,2.2,115.0,115.0,1.0,90.9,39.9,92.8,50.0,154.7,10.1,33.5,471.9,1738,1269.0,1877.13,1943.37,1952.59,2403.92,3107.26,1776.0,2591.0,3431.0,0.829435,49.5674,79.8454
Sounds Of Summer,sosummer,A,1440,112.54,21.4,12.6602,2.6,175.0,175.0,1.0,43.6,72.0,46.5,39.1,61.2,3.8,0.0,266.2,1440,1120.0,1422.36,1502.81,1539.11,1789.11,2147.0,1513.0,2683.0,3025.0,0.539676,4.3677,32.0249
SpaceLand☆TOYBOX,sptoybox,A,1501,101.16,20.0,14.6353,1.0,172.0,172.0,1.0,72.1,56.2,66.2,14.9,30.2,3.4,0.0,243.0,1501,1150.5,1359.02,1448.2,1493.23,1745.92,2199.95,1501.0,2655.0,2990.0,0.715037,4.0666,33.5797
SPECIAL SUMMER CAMPAIGN!,ssc,A,1444,98.66,18.2,14.4889,2.4,168.0,168.0,1.0,44.5,70.7,31.1,5.2,13.9,8.8,0.0,174.2,1444,1122.0,1118.84,1274.66,1385.11,1653.36,1990.94,1509.0,2731.0,3013.0,0.643251,-12.3917,27.2135
spiral galaxy,spiral,X,1260,126.33,16.0,9.8488,1.6,154.0,154.0,1.0,64.0,25.4,55.2,31.5,52.4,3.9,0.0,232.4,1260,1030.0,1464.19,1507.89,1526.42,1772.14,2051.99,1910.0,3338.0,3813.0,0.702214,8.4712,31.4963
spiral galaxy†,spiral_l,A,1864,126.33,20.8,14.5874,1.6,154.0,154.0,1.0,93.3,56.2,88.8,49.1,75.0,3.1,0.0,365.5,1864,1332.0,1464.19,1507.89,1526.42,1772.14,2051.99,1910.0,3338.0,3813.0,0.702214,8.4712,31.4963
STARLIGHT DANCEHALL,starltdh,X,1683,111.27,21.2,14.9464,6.4,177.0,177.0,1.0,51.0,63.2,46.9,7.4,21.6,25.8,0.0,215.9,1683,1241.5,1502.81,1569.99,1592.47,1878.45,2391.05,1712.0,2923.0,3406.0,0.655903,19.4387,44.3919
STARLIGHT DANCEHALL†,starltdl,A,1683,111.27,21.2,14.9464,6.4,177.0,177.0,1.0,51.0,63.2,46.9,7.4,21.6,25.8,0.0,215.9,1683,1241.5,1502.81,1569.99,1592.47,1878.45,2391.05,1712.0,2923.0,3406.0,0.655903,19.4387,44.3919
STEEL NEEDLE,stneedle,X,1180,114.8,18.0,10.1513,2.2,205.0,205.0,1.0,26.2,36.9,33.7,24.7,53.0,8.4,0.0,182.9,1180,990.0,1545.73,1674.95,1756.25,2035.85,2541.85,1701.0,2585.0,3388.0,0.855752,24.0921,41.7143
Stereo Beasts,stereobt,A,1881,126.09,21.0,14.7528,1.8,160.0,160.0,1.0,78.5,59.5,71.7,10.0,25.9,5.6,0.0,251.2,1881,1340.5,1406.19,1469.88,1505.76,1759.09,2171.85,1881.0,3357.0,3744.0,0.73531,-3.4202,32.016
StrayedCatz,strycatz,A,1490,120.4,22.6,12.5644,1.4,303.0,303.0,1.0,35.5,54.9,33.5,4.3,68.0,4.2,0.0,200.4,1490,1145.0,1501.71,1576.72,1602.44,1863.5,2304.65,1490.0,2382.0,2950.0,0.669569,33.6574,56.6789
STULTI,stulti,A,1416,106.96,21.4,13.2168,3.0,90.0,182.0,2.0222,49.9,66.6,60.1,67.8,66.4,9.0,0.0,319.8,1416,1108.0,1561.84,1618.5,1641.01,1910.51,2364.08,1416.0,2245.0,2817.0,0.719397,27.9202,47.751
SμG@R RU$#,sugarush,A,2037,125.33,25.8,16.1444,9.4,180.0,180.0,1.0,70.9,28.6,72.2,28.4,70.0,42.1,7.5,319.7,2020,1410.0,1871.29,1959.24,1972.94,2438.79,inf,2037.0,2875.0,3872.0,0.829907,60.5678,94.5317
Summerlights(IIDX Edition),summerlt,A,1492,118.03,20.8,12.5059,3.0,175.0,175.0,1.0,62.8,50.2,48.3,8.6,23.2,7.2,5.3,205.6,1482,1141.0,1290.81,1424.04,1494.7,1763.86,2139.5,1580.0,2814.0,3155.0,0.621999,-3.2535,31.9285
Super Freak,superfrk,A,1754,122.47,20.2,14.1837,4.4,200.0,200.0,1.0,58.3,51.8,48.0,16.3,26.5,8.8,0.0,209.7,1754,1277.0,1347.76,1465.6,1517.17,1814.8,2341.59,1754.0,3019.0,3499.0,0.562831,19.8676,43.741
Super Rush,superush,A,1779,122.61,24.0,14.3398,3.2,190.0,190.0,1.0,21.4,76.7,16.2,8.5,21.9,14.9,10.9,170.5,1756,1278.0,1430.93,1499.59,1536.78,1795.47,2305.28,1791.0,3251.0,3570.0,0.921195,-6.9782,17.7807
suspicions,suspcion,A,1908,113.33,24.0,16.686,1.2,153.0,153.0,1.0,88.2,75.8,93.4,50.7,67.0,2.5,0.0,377.6,1908,1354.0,1621.88,1647.92,1656.76,1933.5,2433.75,1908.0,3238.0,3798.0,0.705523,18.1904,41.6648
Sword of Vengeance,swordven,A,1650,124.62,20.0,13.1504,3.2,208.0,208.0,1.0,33.9,56.6,30.0,7.3,17.6,7.7,1.7,154.8,1647,1223.5,1331.16,1446.25,1507.67,1793.68,2328.6,1650.0,2928.0,3291.0,0.675243,2.2534,32.4841
Symmetry,symmetry,A,1659,116.41,20.0,14.1419,1.4,163.0,163.0,1.0,83.2,59.7,79.6,5.4,15.9,4.0,0.0,247.8,1659,1229.5,1251.28,1371.33,1450.5,1678.71,1979.81,1659.0,2954.0,3313.0,0.655605,-2.3054,29.8097
SYNC-ANTHEM,sync_ant,A,1865,121.47,21.8,15.1656,2.0,120.0,166.0,1.3833,71.4,73.2,69.8,27.2,38.3,4.0,0.0,283.9,1865,1332.5,1535.91,1567.31,1577.49,1796.9,2151.1,1865.0,3266.0,3719.0,0.715821,8.0924,33.2125
T-REX vs Velociraptor (In the Far east euphoria),t_rex_vs,A,1548,116.47,21.4,14.2426,2.0,200.0,200.0,1.0,41.4,53.4,47.8,29.5,41.3,6.3,4.1,223.8,1544,1172.0,1454.33,1540.32,1584.04,1850.61,2350.76,1636.0,2806.0,3260.0,0.835257,10.5248,32.1399
TECHNO Style Essentials,tecstyle,A,1305,106.17,20.8,14.4733,3.2,154.0,154.0,1.0,63.6,66.1,66.6,44.5,45.5,13.4,18.0,317.7,1294,1047.0,1429.65,1515.84,1559.81,1842.58,2330.6,1453.0,2532.0,2896.0,0.704524,10.4415,35.618
TECHNOPHOBIA,tcphobia,A,1544,104.21,28.8,14.6552,1.6,152.0,152.0,1.0,87.9,52.2,85.2,26.2,46.2,5.6,0.0,303.3,1544,1172.0,1649.01,1704.7,1718.2,2035.44,2561.99,1544.0,2618.0,3071.0,0.73883,17.4331,41.3705
THANK YOU FOR PLAYING,thank_u4,X,1038,100.76,18.2,10.2574,0.8,45.0,170.0,3.7778,34.5,42.7,34.8,7.1,19.9,2.2,0.0,141.2,1038,919.0,1472.2,1561.51,1608.29,1890.77,2377.44,1534.0,2533.0,3053.0,0.691217,23.8882,45.4072
THANK YOU FOR PLAYING†,thank_ul,A,1534,100.76,21.6,15.1683,1.6,45.0,170.0,3.7778,94.8,59.9,92.8,16.8,31.8,2.5,0.0,298.6,1534,1167.0,1472.2,1561.51,1608.29,1890.77,2377.44,1534.0,2533.0,3053.0,0.691217,23.8882,45.4072
THE BRAVE MUST DIE,thebrave,A,1950,127.26,23.2,15.3323,1.8,215.0,215.0,1.0,50.0,74.8,50.4,13.5,29.9,5.6,10.7,234.9,1942,1371.0,1565.62,1620.82,1641.72,1909.57,2376.65,2075.0,3513.0,4135.0,0.730958,16.5956,38.4627
The Chase,thechase,A,1093,116.73,17.2,9.2256,9.0,142.0,142.0,1.0,14.2,20.0,6.8,6.2,20.5,105.5,2.4,175.6,1089,944.5,1553.21,1702.26,1751.46,2153.51,2753.95,1148.0,1800.0,2275.0,0.624671,37.6298,58.8859
The Clown of 24stairs,tclown24,A,1788,103.53,25.6,17.1692,3.0,204.0,204.0,1.0,58.8,62.4,70.3,40.6,53.1,7.1,0.0,292.3,1788,1294.0,1588.17,1672.21,1707.58,1998.46,2616.87,1788.0,2739.0,3519.0,0.762101,37.5603,62.054
THE DAY OF JUBILATIONS,t_jubila,A,1543,111.38,20.0,15.0922,3.2,181.0,181.0,1.0,69.8,54.9,58.3,7.6,33.5,7.8,21.7,253.6,1524,1162.0,1441.76,1542.34,1583.56,1864.66,2365.09,1757.0,3016.0,3508.0,0.57713,18.7001,40.743
THE DEEP STRIKER,tdeepstr,X,1528,118.01,18.2,12.7731,2.8,173.0,173.0,1.0,62.1,60.6,53.3,15.1,17.2,10.1,0.0,218.4,1528,1164.0,1468.6,1552.95,1585.74,1879.85,2394.85,1778.0,3049.0,3554.0,0.55245,17.9489,37.5548
THE DEEP STRIKER†,tdeepstl,A,1778,118.01,21.6,14.8571,2.8,173.0,173.0,1.0,69.5,76.9,61.9,21.4,27.8,9.5,0.0,267.0,1778,1289.0,1468.6,1552.95,1585.74,1879.85,2394.85,1778.0,3049.0,3554.0,0.55245,17.9489,37.5548
THE F∀UST,thefaust,A,1737,122.82,26.8,15.4268,3.0,170.0,170.0,1.0,105.1,61.6,103.3,17.4,42.5,6.1,1.8,337.8,1733,1266.5,1666.94,1689.07,1692.06,1957.02,2508.91,1851.0,3034.0,3670.0,0.905893,18.9087,42.3326
The Last Apocalypse,tlastapo,A,1903,125.05,18.6,15.054,4.6,190.0,190.0,1.0,63.1,49.0,58.4,13.3,35.7,17.7,0.7,237.9,1902,1351.0,1389.12,1491.04,1544.84,1810.05,2403.01,1903.0,3250.0,3780.0,0.702725,18.3073,44.3888
The Least 100sec,t_100sec,A,1489,97.24,19.2,15.098,2.6,120.0,264.0,2.2,77.2,57.2,74.4,44.6,12.9,9.4,0.0,275.7,1489,1144.5,1368.87,1474.42,1528.91,1818.43,2297.72,1505.0,2510.0,2981.0,0.737583,23.5334,49.2732
The Limbo,thelimbo,A,1701,117.67,22.6,14.2864,4.2,200.0,200.0,1.0,58.2,54.1,46.6,14.1,29.5,7.4,0.0,209.9,1701,1250.5,1503.24,1559.9,1580.13,1835.21,2306.83,1701.0,2919.0,3393.0,0.643575,16.6248,39.4389
The Onlyonez,theonly1,A,1587,122.18,19.2,12.8407,3.8,220.0,220.0,1.0,11.1,68.1,10.7,2.8,15.3,16.1,17.4,141.5,1568,1184.0,1138.11,1386.54,1499.51,1808.3,2369.88,1587.0,2864.0,3163.0,0.746839,-8.8506,26.3728
THE PEERLESS UNDER HEAVEN,tpeerles,A,1818,118.59,25.8,15.2034,8.6,170.0,170.0,1.0,69.8,40.3,68.6,19.2,46.7,54.7,0.6,299.9,1817,1308.5,1660.61,1746.31,1776.01,2201.6,2874.52,1818.0,2771.0,3562.0,0.834526,37.5936,64.5254
The Rebellion of Sequencer,t_rebeli,A,1543,108.8,21.8,14.8252,2.6,300.0,300.0,1.0,87.5,51.1,84.6,33.8,63.9,12.4,6.5,339.8,1536,1168.0,1579.79,1631.63,1649.68,1955.95,2595.98,1634.0,2573.0,3217.0,0.810484,32.2588,58.2143
The Sampling Paradise,t_sample,A,1543,113.6,20.4,13.4158,6.2,150.0,150.0,1.0,86.7,45.5,74.9,9.9,31.6,24.5,5.7,278.8,1539,1169.5,1301.37,1394.44,1457.47,1725.57,2271.88,1545.0,2682.0,3075.0,0.760205,10.5123,36.0705
Thor's Hammer,thors_hm,A,1462,96.0,29.2,15.0557,3.4,150.0,150.0,1.0,69.0,41.5,78.1,48.0,110.5,6.8,0.0,353.9,1462,1131.0,1622.69,1720.33,1822.22,2253.73,2902.83,1641.0,2303.0,3159.0,0.885247,51.7975,82.8437
thunder HOUSE NATION Remix,thund28r,X,698,112.62,13.0,6.5264,1.6,128.0,128.0,1.0,49.9,38.4,47.8,6.5,15.5,5.8,0.0,163.9,698,698.0,1430.53,1493.17,1530.64,1753.52,2028.56,1954.0,3433.0,3908.0,0.643135,,
Thunderbolt,thunbolt,A,1384,120.0,19.0,12.1281,2.2,188.0,188.0,1.0,39.0,65.4,22.6,1.2,29.4,9.2,0.0,166.8,1384,1092.0,1368.64,1450.15,1505.76,1739.43,2094.78,1911.0,3354.0,3817.0,0.640768,8.4724,32.5421
TIEFSEE,tiefsee,A,1752,122.27,22.4,14.3164,1.0,165.0,165.0,1.0,102.9,44.6,92.1,27.9,45.2,2.5,0.0,315.2,1752,1276.0,1369.27,1446.35,1490.43,1693.0,1944.61,1752.0,3137.0,3502.0,0.698684,-4.4595,22.9069
Tiempo Loco,tiempolc,A,1884,121.42,25.6,15.3344,3.4,180.0,180.0,1.0,93.6,56.2,81.5,10.1,25.0,5.5,31.5,303.4,1853,1326.5,1632.6,1649.82,1653.64,1884.98,2299.21,1884.0,3238.0,3759.0,0.709771,13.1981,34.924
Time to Air,time2air,X,1458,113.17,20.8,12.7246,3.2,191.0,191.0,1.0,15.1,64.3,11.8,5.1,24.5,10.1,0.0,130.9,1458,1129.0,1786.11,1822.44,1828.7,2207.3,2799.66,1888.0,3178.0,3758.0,0.633256,23.3938,46.5274
Timepiece phase II,tpiece_2,A,1665,101.18,22.0,16.249,1.8,287.0,287.0,1.0,90.5,72.2,99.3,56.7,14.1,5.4,0.0,338.2,1665,1232.5,1502.44,1572.97,1618.11,1878.73,2350.9,1665.0,2658.0,3319.0,0.619954,30.2201,48.734
Timepiece phase II(CN Ver.),tpiececn,A,1443,102.86,22.2,14.8639,1.6,287.0,287.0,1.0,84.2,61.4,82.8,48.2,31.5,3.4,33.3,344.8,1405,1102.5,1669.54,1739.76,1773.25,2105.79,2783.97,1546.0,2413.0,3065.0,0.829184,27.5085,49.2659
Todestrieb,todestri,A,1717,125.92,20.6,13.7024,0.4,185.0,185.0,1.0,67.4,65.5,55.9,4.7,21.6,1.3,41.3,257.7,1680,1240.0,1287.48,1380.61,1464.1,1685.37,1981.79,1733.0,3112.0,3463.0,0.710275,-5.7963,23.1114
TOMAHAWK,tomahawk,A,1826,121.67,23.2,14.8869,10.4,215.0,215.0,1.0,26.1,67.2,23.5,7.1,9.4,40.0,9.1,182.4,1807,1303.5,1628.47,1688.15,1702.2,2155.42,2914.05,1830.0,2970.0,3629.0,0.653198,31.4453,54.3093
TOXIC VIBRATION,toxicvib,A,1933,125.48,21.2,15.327,1.4,197.0,197.0,1.0,62.7,53.8,63.0,37.5,44.6,4.8,0.0,266.4,1933,1366.5,1498.22,1567.35,1600.06,1864.41,2349.19,1933.0,3227.0,3841.0,0.858669,16.4497,39.2083
TRANOID,tranoid,X,999,90.66,18.6,10.9319,1.6,120.0,190.0,1.5833,55.7,41.6,68.6,35.5,54.2,4.9,34.5,295.0,974,887.0,1749.3,1793.42,1803.27,2090.25,2621.56,1546.0,2374.0,3065.0,0.760576,32.081,53.1475
Trill auf G,trill_g,A,1602,114.89,22.0,15.0811,1.4,188.0,188.0,1.0,71.6,64.0,61.7,29.0,37.5,3.3,0.0,267.1,1602,1201.0,1426.01,1539.82,1607.5,1905.17,2407.01,1670.0,2762.0,3315.0,0.77811,21.6944,45.2587
Triple Counter,tripleco,A,2016,126.67,24.2,15.8299,2.4,216.0,216.0,1.0,40.7,93.0,42.6,1.9,13.4,7.2,39.5,238.3,1969,1384.5,1537.76,1602.0,1634.61,1911.87,2443.97,2016.0,3376.0,4018.0,0.72674,18.6426,39.577
Triple Cross,tricross,A,1667,117.55,21.0,14.1068,2.0,196.0,196.0,1.0,43.2,61.0,41.6,6.3,22.0,5.0,61.4,240.5,1599,1199.5,1439.21,1530.08,1572.82,1831.63,2316.34,1667.0,2938.0,3326.0,0.748837,4.6704,29.2492
TRIUMPH,triumph,A,1579,116.72,21.8,13.3675,5.6,183.0,183.0,1.0,25.4,62.5,25.6,12.3,18.3,22.2,38.4,204.7,1515,1157.5,1544.66,1603.15,1625.4,1919.13,2498.72,1724.0,2954.0,3439.0,0.646408,16.726,39.3171
TROOPERS,troopers,A,1350,115.34,19.0,11.5345,5.0,177.0,177.0,1.0,14.6,53.2,19.6,10.7,16.7,22.7,0.0,137.5,1350,1075.0,1365.72,1446.0,1483.35,1786.19,2214.93,1496.0,2671.0,2984.0,0.729782,-3.4558,28.2596
True Blue,trueblue,A,1876,128.87,20.4,14.3907,1.2,164.0,164.0,1.0,94.5,60.2,89.9,17.0,35.2,1.3,0.0,298.1,1876,1338.0,1414.08,1469.45,1498.84,1703.94,1976.8,1898.0,3377.0,3793.0,0.755039,-0.7169,22.5259
Twelfth Style,twelfth,X,1578,121.5,26.4,15.762,8.8,160.0,160.0,1.0,69.5,69.5,65.9,41.0,33.3,13.7,0.0,292.9,1578,1189.0,1518.97,1603.09,1639.68,1966.12,2546.16,1684.0,2850.0,3336.0,0.819139,17.1296,43.7024
Twelfth Style†,twelfthl,A,1578,121.5,26.4,15.762,8.8,160.0,160.0,1.0,69.5,69.5,65.9,41.0,33.3,13.7,0.0,292.9,1578,1189.0,1518.97,1603.09,1639.68,1966.12,2546.16,1684.0,2850.0,3336.0,0.819139,17.1296,43.7024
u gotta beat,ugottabt,A,1806,121.42,20.4,14.8198,5.8,180.0,180.0,1.0,58.8,63.7,58.8,9.4,17.1,22.9,1.6,232.3,1803,1301.5,1407.14,1513.05,1568.84,1850.74,2451.58,1806.0,3107.0,3593.0,0.839959,10.6546,34.4155
Uaigh Gealaí,uaigh,A,1972,123.28,23.6,15.8952,2.4,183.0,183.0,1.0,99.4,52.4,83.4,18.7,38.7,5.9,8.9,307.4,1958,1379.0,1561.69,1614.57,1630.36,1877.07,2388.54,1972.0,3255.0,3896.0,0.816503,23.441,50.0621
Übertreffen,ubertref,X,1280,93.79,17.4,13.5702,2.6,174.0,174.0,1.0,79.9,32.0,79.7,7.9,25.2,4.7,0.0,229.4,1280,1040.0,1500.15,1575.66,1611.82,1854.53,2226.75,,,,,,
Unbelief,unbelief,A,1535,125.33,21.8,12.3774,2.4,135.0,135.0,1.0,86.1,55.1,88.1,39.1,117.4,4.4,79.8,470.0,1454,1127.0,1535.32,1616.64,1657.81,1961.49,2541.17,1675.0,2609.0,3309.0,0.763903,33.3106,56.6914
V,v_taka,A,1519,120.0,23.0,12.5174,2.0,150.0,150.0,1.0,49.3,58.2,66.3,47.1,42.3,3.3,0.0,266.5,1519,1159.5,1366.21,1450.09,1494.3,1788.06,2225.88,1519.0,2707.0,3038.0,0.507143,,
Valanga,valanga,A,1524,107.1,21.0,15.4551,2.4,186.0,186.0,1.0,37.3,75.4,40.1,11.8,23.4,7.5,28.9,224.4,1491,1145.5,1432.53,1515.71,1564.98,1821.24,2304.13,1647.0,2910.0,3287.0,0.77429,3.2538,27.0836
VANESSA,vanessa,A,1173,90.81,20.6,12.8593,3.4,185.0,185.0,1.0,91.1,43.3,83.2,11.3,14.2,9.4,0.0,252.5,1173,986.5,1309.13,1414.65,1479.43,1732.7,2087.97,1228.0,2101.0,2455.0,0.490992,21.7492,40.9326
VANESSA†,vanessal,A,1771,90.81,25.6,19.4308,5.0,185.0,185.0,1.0,98.8,81.4,110.7,63.4,25.0,14.1,0.0,393.4,1771,1285.5,1688.48,1754.24,1774.51,2116.28,2855.96,1771.0,2565.0,3529.0,0.629155,37.4871,53.5616
Venom,venom,A,1523,122.61,18.6,13.3018,2.0,190.0,190.0,1.0,29.4,56.1,23.9,18.8,37.5,11.4,0.0,177.1,1523,1161.5,1252.06,1406.24,1465.37,1777.21,2261.33,1624.0,2905.0,3237.0,0.746824,-4.3154,28.4553
Verflucht,verflcht,A,2401,110.75,29.4,21.4288,5.4,180.0,180.0,1.0,107.5,83.7,111.9,49.7,42.1,12.5,2.6,410.0,2398,1599.0,1551.67,1613.67,1673.45,1894.57,2221.57,1805.0,2926.0,3604.0,0.753121,19.2572,36.1081
Verflucht†LEGGENDARIA,verflchl,A,2401,110.75,29.4,21.4288,5.4,180.0,180.0,1.0,107.5,83.7,111.9,49.7,42.1,12.5,2.6,410.0,2398,1599.0,1790.49,1855.84,1906.48,2157.17,2688.98,2401.0,3607.0,4780.0,0.837369,26.1617,43.9995
Vermilion Carol,vercarol,A,1837,117.26,23.4,15.5542,2.8,175.0,175.0,1.0,71.7,67.9,71.0,16.6,29.5,7.3,38.5,302.5,1793,1296.5,1460.79,1537.35,1583.95,1829.05,2327.66,1837.0,3151.0,3659.0,0.712903,14.9017,38.665
Vinculum stellarum,vinculum,A,1873,133.59,21.6,13.8642,1.2,160.0,160.0,1.0,106.5,62.2,99.7,17.3,30.9,2.1,25.0,343.7,1853,1326.5,1437.22,1511.86,1551.2,1805.11,2337.55,1873.0,3218.0,3719.0,0.808263,12.9023,38.9767
Violet Pulse,viopulse,X,1160,118.32,16.4,9.6824,0.4,134.0,134.0,1.0,85.8,26.0,66.6,18.4,43.1,0.6,0.0,240.5,1160,980.0,1584.0,1647.1,1679.4,1964.4,2528.24,2115.0,3350.0,4196.0,0.771106,28.0989,49.8859
Viridian,viridian,A,1700,114.88,22.6,14.6122,2.2,161.0,161.0,1.0,78.3,62.0,65.4,30.8,37.2,4.8,0.0,278.5,1700,1250.0,1470.1,1526.69,1551.81,1807.19,2150.42,1700.0,2994.0,3397.0,0.62344,7.159,31.3767
Visterhv,visterhv,A,1730,121.88,24.6,15.2708,1.6,191.0,191.0,1.0,61.9,80.4,56.4,9.0,19.4,3.3,33.6,264.0,1663,1231.5,1513.92,1563.78,1585.12,1804.42,2164.16,1869.0,3300.0,3734.0,0.744291,3.4791,25.3953
Vitrum,vitrum,A,1848,121.64,19.6,15.1295,2.6,146.0,146.0,1.0,84.6,46.1,97.6,35.5,65.3,7.5,29.0,365.6,1808,1304.0,1509.77,1562.2,1583.42,1878.66,2447.26,1848.0,3077.0,3670.0,0.721314,22.8508,46.6123
VØID,vo_id,A,1712,114.69,24.6,14.7374,5.6,80.0,170.0,2.125,79.2,54.9,73.3,30.9,46.1,18.4,32.7,335.5,1670,1235.0,1694.03,1772.15,1815.87,2210.76,2744.53,1712.0,2538.0,3386.0,0.686694,40.4843,61.0361
VOLAQUAS,volaquas,A,1982,123.4,22.0,15.9419,2.6,212.0,212.0,1.0,52.0,72.4,49.3,18.4,34.6,6.4,7.9,241.0,1973,1386.5,1555.55,1627.63,1651.93,1937.96,2524.65,1982.0,3299.0,3932.0,0.889461,16.8867,40.6113
voltississimo,voltissi,A,1812,115.2,26.6,16.737,3.2,225.0,225.0,1.0,35.8,80.3,29.9,12.7,39.3,9.7,32.1,239.8,1774,1287.0,1639.94,1692.72,1707.12,2017.41,2609.37,1888.0,3039.0,3735.0,0.709955,31.2892,55.34
VOX UP,voxup_sp,A,1846,124.75,23.8,14.7296,4.0,202.0,202.0,1.0,13.1,63.6,29.1,39.9,66.7,22.9,0.0,235.3,1846,1323.0,1523.41,1641.66,1702.74,2067.39,2786.54,1870.0,2814.0,3717.0,0.732553,32.6019,51.4919
Watch Out Pt.2,watchpt2,A,1445,108.65,18.8,13.1982,6.8,148.0,148.0,1.0,39.6,42.4,35.6,8.7,20.8,77.3,0.0,224.4,1445,1122.5,1378.6,1510.17,1599.45,1948.61,2483.7,1506.0,2386.0,2994.0,0.642391,32.7787,52.8564
waxing and wanding,waxing,X,2000,114.35,28.4,18.0945,3.0,191.0,191.0,1.0,47.6,105.8,36.7,3.5,8.9,5.2,0.0,207.7,2000,1400.0,1620.62,1644.82,1651.13,1884.57,2255.32,2000.0,3582.0,3997.0,0.659372,-5.6133,25.685
waxing and wanding†,waxing_l,A,2000,114.35,28.4,18.0945,3.0,191.0,191.0,1.0,47.6,105.8,36.7,3.5,8.9,5.2,0.0,207.7,2000,1400.0,1620.62,1644.82,1651.13,1884.57,2255.32,2000.0,3582.0,3997.0,0.659372,-5.6133,25.685
We're so Happy(P*Light Remix) IIDX ver.,wesoh_pl,A,1896,118.14,22.8,15.8487,3.8,185.0,185.0,1.0,50.8,68.3,37.9,9.9,18.6,15.2,0.0,200.7,1896,1348.0,1416.75,1516.06,1571.43,1845.15,2391.51,1896.0,3246.0,3773.0,0.708671,16.2082,40.8908
Without Heaven,withouth,A,1912,117.13,22.0,16.1119,7.8,162.0,162.0,1.0,78.6,64.3,74.9,11.1,26.5,10.5,18.5,284.4,1880,1340.0,1495.13,1558.66,1583.97,1886.3,2456.05,1912.0,3245.0,3756.0,0.893548,17.7401,50.6335
WONDER WALKER,w_walker,A,1900,120.82,21.4,15.5686,3.0,165.0,165.0,1.0,85.5,67.5,72.8,14.7,24.4,5.8,0.0,270.7,1900,1350.0,1428.2,1490.44,1522.89,1741.53,2078.02,1921.0,3408.0,3833.0,0.857084,0.9173,23.2648
X,x_amuro,A,1952,118.67,23.0,16.2504,1.4,180.0,180.0,1.0,88.7,69.4,90.7,27.5,38.4,1.7,0.0,316.4,1952,1376.0,1493.67,1569.8,1619.47,1836.6,2233.59,1952.0,3284.0,3900.0,0.673735,16.7842,34.7357
Xb10r,xb10r,A,1833,117.6,21.0,15.4915,2.4,200.0,200.0,1.0,64.9,49.4,59.6,17.8,36.1,8.6,17.4,253.8,1806,1303.0,1451.9,1537.08,1574.9,1856.12,2426.44,1833.0,3072.0,3646.0,0.641119,24.3973,47.698
XHRONOXAPSULΞ,xhronoxp,A,2077,120.87,27.8,16.9934,3.0,277.0,277.0,1.0,99.1,61.0,103.2,53.6,32.4,7.5,39.1,395.9,2007,1403.5,1826.14,1908.26,1934.27,2410.6,3962.41,2077.0,2973.0,3981.0,1.035784,47.6256,84.4534
Xperanza,xperanza,A,1605,122.4,20.0,13.0,7.8,200.0,200.0,1.0,26.6,46.5,27.5,12.1,30.2,37.5,0.5,180.9,1604,1202.0,1358.13,1504.71,1593.14,1919.74,2530.18,1637.0,2788.0,3259.0,0.697408,17.6418,41.4018
Y&Co. is dead or alive,ycodoa25,A,1173,139.46,19.0,8.6059,4.0,120.0,876.0,7.3,62.2,31.1,54.3,5.6,10.8,19.8,0.0,183.8,1173,986.5,1557.7,1688.17,1820.7,2290.01,2936.68,1478.0,2263.0,2890.0,0.824182,38.7778,66.567
YAKSHA,yaksha,A,1976,125.13,23.4,15.6,2.4,190.0,190.0,1.0,95.8,55.4,69.7,17.7,27.3,4.9,0.0,270.8,1976,1388.0,1544.92,1597.74,1618.52,1861.1,2338.31,2000.0,3290.0,3974.0,0.827598,19.7958,41.9617
yellow head joe,yheadjoe,X,1115,94.97,15.2,11.6232,2.4,187.0,187.0,1.0,46.4,32.1,34.3,7.1,13.3,4.6,3.7,141.5,1112,956.0,1526.89,1574.7,1591.42,1840.3,2266.02,1596.0,2742.0,3181.0,0.704383,14.4073,37.6527
Ypsilon,ypsilon,X,1796,114.09,20.8,16.0955,1.8,160.0,160.0,1.0,91.7,60.8,82.5,21.6,31.3,5.2,0.0,293.1,1796,1298.0,1433.96,1504.07,1535.39,1786.19,2172.63,1801.0,3185.0,3588.0,0.754597,3.4466,31.3537
ZEPHYRANTHES,zephyran,X,1445,122.67,16.6,11.7203,2.4,180.0,180.0,1.0,73.2,26.1,56.8,16.2,26.3,6.4,3.1,208.1,1442,1121.0,1590.17,1642.3,1654.93,1920.91,2416.13,1982.0,3322.0,3950.0,0.687337,20.2835,41.5616
Zirkfied,zirkfied,A,1908,124.57,25.4,16.1385,1.8,210.0,210.0,1.0,84.7,78.8,78.6,31.6,47.2,5.0,0.0,325.9,1908,1354.0,1626.91,1659.31,1664.66,2012.58,2900.42,1968.0,3163.0,3919.0,0.636172,29.7627,49.4353
ZZ,zz_amuro,A,1500,105.97,20.8,14.083,0.8,154.0,154.0,1.0,84.4,57.2,82.6,28.7,43.3,1.8,17.2,315.2,1480,1140.0,1408.9,1473.65,1501.5,1712.64,1997.35,1541.0,2759.0,3079.0,0.723612,-4.2789,23.4394
1116,1116dust,A,1581,107.45,24.2,14.5519,7.2,190.0,190.0,1.0,39.9,69.4,39.5,18.1,26.6,19.5,0.0,213.0,1581,1190.5,1461.45,1569.44,1625.56,1911.6,2483.08,1581.0,2654.0,3107.0,1.103661,13.6901,44.1563
199024club -Re:BounceKiller-,199024cl,A,1251,122.52,16.8,10.0927,9.2,143.0,143.0,1.0,25.5,17.3,25.2,7.4,25.3,122.4,0.0,223.1,1251,1025.5,1408.84,1556.16,1621.46,2026.35,2689.3,1260.0,2027.0,2495.0,0.594197,37.2458,59.9085
2 Beasts Unchained,2beasts,A,1780,112.54,22.0,15.6265,7.8,175.0,175.0,1.0,73.6,46.9,62.5,8.6,26.8,47.0,27.2,292.6,1728,1264.0,1568.26,1631.15,1650.36,2010.31,2731.24,1780.0,2868.0,3528.0,0.728471,28.8579,51.9598
24h Endurance Race,24h_race,A,1743,120.0,19.8,14.4667,3.2,184.0,184.0,1.0,67.6,43.2,65.1,49.8,60.6,8.4,15.6,310.3,1703,1251.5,1423.33,1545.4,1603.31,1935.87,2500.75,1743.0,2813.0,3461.0,0.69403,28.9066,50.8825
255,255_255,A,1676,106.35,21.4,15.557,4.6,255.0,255.0,1.0,71.2,71.9,69.6,59.7,79.0,16.9,0.0,368.3,1676,1238.0,1529.03,1626.62,1678.97,2010.89,2645.14,1676.0,2714.0,3333.0,0.877419,19.2317,39.7319
3y3s,3y3s,A,1547,118.12,24.8,13.1692,4.4,191.0,191.0,1.0,43.0,62.8,40.5,30.3,50.9,19.9,0.0,247.4,1547,1173.5,1585.76,1678.21,1817.28,2141.36,2768.46,1871.0,2722.0,3705.0,0.808603,34.7328,55.1844
紫陽花 -AZISAI-,_azisai,A,1556,117.77,19.2,13.2239,4.8,155.0,155.0,1.0,76.0,50.7,56.8,10.1,30.1,14.9,38.2,276.8,1510,1155.0,1216.71,1368.72,1464.73,1756.16,2255.94,1490.0,2540.0,2951.0,0.759798,17.8549,45.8619
アストライアの双皿,_astraia,A,1547,123.29,20.0,12.4597,1.8,173.0,173.0,1.0,65.1,46.1,59.8,11.9,59.3,5.0,40.8,288.0,1484,1142.0,1488.87,1567.46,1591.8,1914.38,2535.88,1632.0,2733.0,3241.0,0.691863,23.2175,47.5121
天邪鬼,_amanojk,A,1693,117.68,20.8,14.3153,2.4,155.0,155.0,1.0,85.6,63.0,81.4,33.4,56.1,7.1,4.3,330.9,1688,1244.0,1411.43,1483.01,1518.29,1776.92,2186.73,1693.0,2977.0,3380.0,0.68168,6.7803,31.4035
アラビアン ハイパー ナイト,_arabhyp,A,1690,106.81,19.8,15.6673,1.6,182.0,182.0,1.0,73.9,54.9,72.5,18.9,30.5,4.1,12.0,266.8,1670,1235.0,1461.43,1552.95,1590.33,1839.77,2383.1,1690.0,2867.0,3329.0,0.967888,14.354,44.6637
イザナミノナゲキ,_izanami,A,1661,118.46,21.2,13.9193,2.0,195.0,195.0,1.0,42.9,66.2,42.5,2.8,21.9,3.0,14.2,193.5,1645,1222.5,1366.35,1479.24,1541.75,1797.78,2247.19,1661.0,2940.0,3308.0,0.714675,3.6283,33.8102
栄冠のカンパネラ,_eikan_c,A,2000,116.76,28.4,17.0684,2.4,185.0,185.0,1.0,71.2,86.2,66.9,21.7,29.6,2.6,104.5,382.7,1855,1327.5,1690.29,1757.96,1789.97,2082.75,2682.06,2000.0,3144.0,3982.0,0.754862,26.1777,45.1064
駅猫のワルツ,_ekineko,A,1511,105.32,22.0,14.1868,2.8,282.0,282.0,1.0,74.7,28.6,82.8,28.2,45.0,10.3,0.0,269.6,1511,1155.5,1676.02,1743.94,1757.46,2202.67,3127.0,1558.0,2301.0,2983.0,0.865559,52.118,87.0347
ΕΛΠΙΣ,_elpis,A,1599,112.54,19.8,14.0319,1.4,175.0,175.0,1.0,108.4,38.4,95.3,4.3,19.7,2.4,12.5,281.0,1588,1194.0,1281.03,1369.91,1423.98,1645.64,1958.94,1600.0,2814.0,3188.0,0.784254,5.2449,30.8263
焔極OVERKILL,_enkyoku,A,1901,121.33,25.4,15.4656,9.6,192.0,192.0,1.0,56.5,53.8,56.8,17.7,36.5,24.3,0.0,245.6,1901,1350.5,1680.65,1733.29,1742.35,2111.52,2809.18,1901.0,3043.0,3754.0,0.710711,33.1796,57.7616
Ōu Legends,_oulgnds,A,1687,116.86,19.2,14.3385,2.0,191.0,191.0,1.0,52.4,58.3,52.1,9.2,25.0,6.9,42.9,246.8,1614,1207.0,1368.9,1479.69,1532.37,1824.76,2407.35,1687.0,2904.0,3350.0,0.681514,17.2547,44.8197
お米の美味しい炊き方、そしてお米を食べることによるその効果。,_howrice,X,1109,116.21,13.0,9.4667,3.0,190.0,190.0,1.0,30.2,18.2,32.0,16.9,26.8,13.0,0.0,137.1,1109,954.5,1709.03,1756.08,1766.45,2045.09,2660.54,1907.0,2919.0,3777.0,0.873781,28.1605,49.9714
音楽,_ongaku,A,1455,115.11,32.0,13.9885,1.0,120.0,360.0,3.0,51.5,67.7,47.4,33.1,125.7,0.9,0.0,326.3,1455,1127.5,1645.22,1704.87,1732.27,2069.1,2692.29,1487.0,2255.0,2911.0,0.806288,39.7641,66.425
カゴノトリ～弐式～,_kagono,A,1182,123.43,21.6,9.5113,1.0,140.0,140.0,1.0,67.4,50.7,63.3,41.1,61.2,1.1,0.0,284.8,1182,991.0,1372.45,1427.55,1450.83,1673.17,1922.21,1325.0,2406.0,2650.0,0.531934,,
カジノファイヤーことみちゃん,_casino,X,1275,111.65,17.0,11.3554,6.6,230.0,230.0,1.0,12.2,36.9,19.5,0.0,4.6,28.6,22.6,124.4,1245,1022.5,1514.4,1689.31,1780.73,2179.6,2883.76,,,,,,
仮想空間の旅人たち,_travels,X,1943,124.07,26.4,15.9669,1.6,151.0,151.0,1.0,93.3,88.6,84.0,33.5,34.6,1.8,0.0,335.8,1943,1371.5,1582.15,1594.32,1598.75,1813.82,2132.82,1943.0,3474.0,3885.0,0.537369,-7.4036,30.1274
仮想空間の旅人たち†,_travell,A,1943,124.07,26.4,15.9669,1.6,151.0,151.0,1.0,93.3,88.6,84.0,33.5,34.6,1.8,0.0,335.8,1943,1371.5,1582.15,1594.32,1598.75,1813.82,2132.82,1943.0,3474.0,3885.0,0.537369,-7.4036,30.1274
華蝶風雪,_kachofu,X,1483,123.02,16.2,11.9452,2.2,199.0,199.0,1.0,24.6,55.1,15.6,1.7,28.1,3.8,0.0,128.9,1483,1141.5,1381.6,1462.88,1515.41,1770.26,2283.33,2024.0,3713.0,4025.0,0.944892,-12.4414,16.5056
がっつり陰キャ!?怪盗いいんちょの億劫^^;,_gatturi,A,2009,116.76,23.8,18.7009,3.2,185.0,185.0,1.0,81.6,67.8,81.2,25.9,38.9,11.2,0.0,306.6,2009,1404.5,1628.72,1680.57,1704.14,1969.08,2489.44,2192.0,3459.0,4345.0,0.945932,22.0214,44.1048
神っぽいな,_kamipoi,X,1578,106.48,21.8,14.7196,5.0,142.0,142.0,1.0,80.3,64.6,74.7,25.5,28.0,25.4,0.0,298.5,1578,1189.0,1357.68,1473.22,1536.83,1841.79,2464.61,,,,,,
#CMFLG,_cmflg,A,1748,120.77,21.0,14.3554,2.4,155.0,155.0,1.0,92.6,53.7,81.4,20.2,44.3,8.4,2.8,303.4,1743,1271.5,1345.36,1447.22,1499.95,1767.28,2222.12,1748.0,3040.0,3472.0,0.869863,7.8913,33.9165
華麗なる大犬円舞曲,_valse27,A,1685,124.15,23.2,14.5069,2.8,60.0,147.0,2.45,95.1,53.2,85.3,26.1,91.6,7.2,0.0,358.5,1685,1242.5,1599.0,1650.01,1665.67,2024.42,2635.86,1849.0,2931.0,3647.0,0.641418,38.9761,62.8661
君のハートにロックオン,_klockon,X,1336,120.06,16.2,10.9769,1.6,260.0,260.0,1.0,87.2,25.0,86.1,7.9,18.3,5.4,0.0,229.9,1336,1068.0,1607.87,1675.69,1693.64,1982.81,2570.56,1828.0,2840.0,3590.0,0.891813,31.7868,58.795
九尾狐夜行,_kyubi,A,1320,120.21,19.4,12.3327,1.8,145.0,145.0,1.0,40.4,67.0,39.7,16.7,47.1,5.5,0.0,216.4,1320,1060.0,1326.66,1446.39,1500.85,1810.7,2450.61,1521.0,2660.0,3018.0,0.751649,9.5937,39.9164
共鳴遊戯の華,_kyoumei,A,1931,118.82,23.6,16.1798,1.6,190.0,190.0,1.0,93.1,49.9,92.3,16.6,37.2,4.4,19.0,312.5,1918,1359.0,1637.33,1691.37,1713.56,1986.7,2614.62,2000.0,3174.0,3972.0,0.777282,26.685,47.8023
グッバイ宣言,_goodbys,X,1849,120.0,18.6,15.2777,3.4,170.0,170.0,1.0,47.4,81.2,40.9,3.2,13.9,11.8,23.3,221.7,1807,1303.5,1396.62,1471.52,1512.34,1771.44,2254.27,,,,,,
狂イ咲ケ焔ノ華,_kuruizk,A,1813,129.32,23.0,13.9123,3.0,206.0,206.0,1.0,63.0,38.2,43.6,15.2,43.1,6.9,0.0,210.0,1813,1306.5,1367.58,1474.73,1528.64,1790.11,2219.28,1860.0,3237.0,3705.0,0.640977,13.583,40.4927
黒髪乱れし修羅となりて,_krokami,A,1729,120.0,19.8,14.281,2.0,150.0,150.0,1.0,78.6,60.0,82.2,37.7,78.4,5.2,0.0,342.1,1729,1264.5,1297.96,1401.15,1459.45,1716.17,2071.33,1745.0,3066.0,3489.0,0.513304,11.449,34.9847
恋する☆宇宙戦争っ!!,_koisuru,A,1669,122.47,20.8,13.4911,2.2,200.0,200.0,1.0,75.0,36.6,62.3,9.6,22.8,8.5,7.2,222.0,1658,1229.0,1603.02,1672.58,1702.54,1967.12,2507.79,1835.0,3073.0,3655.0,0.573452,27.2084,49.3156
子供の落書き帳,_kodomo,A,1372,128.79,18.2,10.6217,1.6,280.0,280.0,1.0,56.7,43.7,41.0,22.3,26.2,3.2,0.0,193.1,1372,1086.0,1454.78,1552.96,1610.03,1869.95,2354.47,1395.0,2187.0,2739.0,0.893211,30.9862,58.6236
今宵、ロマンス横丁。,_koyoiry,A,1714,117.14,22.6,14.4983,4.0,168.0,168.0,1.0,67.1,53.6,71.4,23.2,38.3,13.0,28.7,295.3,1686,1243.0,1511.96,1588.54,1624.62,1882.19,2383.23,1714.0,2857.0,3392.0,0.775163,22.5488,48.791
金野火織の金色提言,_k_hiori,A,1526,118.4,21.4,13.7423,3.0,225.0,225.0,1.0,37.3,56.0,31.3,7.8,40.7,12.6,1.9,187.6,1521,1160.5,1592.69,1660.09,1676.07,2014.09,2729.14,1630.0,2572.0,3217.0,0.760547,32.7671,57.1881
最小三倍完全数,_saisho3,A,1247,87.27,28.8,15.5175,7.2,220.0,220.0,1.0,76.7,54.3,69.5,31.7,86.3,15.6,0.0,334.1,1247,1023.5,1399.42,1520.76,1560.69,1910.92,2523.63,1314.0,2219.0,2612.0,0.615109,24.8471,49.4073
桜,_sakura,A,1123,97.29,18.0,11.398,2.2,13.0,320.0,24.6154,40.8,56.1,27.8,8.9,76.4,8.5,0.0,218.5,1123,961.5,1369.08,1501.67,1581.7,1989.98,2711.08,1123.0,1786.0,2222.0,0.761473,30.0812,53.6281
#The_Relentless,_therele,X,1444,125.74,16.4,11.373,2.6,170.0,170.0,1.0,51.4,41.0,30.9,9.0,29.9,9.5,9.1,180.8,1426,1113.0,1745.6,1780.54,1790.72,2077.68,2723.71,2273.0,3613.0,4504.0,0.735579,30.3081,52.9095
残像ニ繋ガレタ追憶ノHIDEAWAY,_zanzoni,A,1789,121.59,18.2,14.582,2.2,160.0,160.0,1.0,70.9,66.0,66.3,17.8,23.9,5.3,0.0,250.2,1789,1294.5,1212.17,1318.42,1403.45,1641.42,1911.3,1789.0,3301.0,3577.0,0.620736,-15.0,17.2236
疾風迅雷,_ltspeed,A,1824,113.33,26.6,15.986,8.0,180.0,180.0,1.0,67.0,51.5,69.1,31.0,52.3,28.1,17.4,316.4,1811,1305.5,1438.81,1531.37,1565.31,1854.87,2440.38,1493.0,2553.0,2958.0,0.71172,19.0031,47.3793
疾風迅雷†LEGGENDARIA,_ltspedl,A,1824,113.33,26.6,15.986,8.0,180.0,180.0,1.0,67.0,51.5,69.1,31.0,52.3,28.1,17.4,316.4,1811,1305.5,1840.11,1912.78,1919.88,2346.45,3132.62,1824.0,2797.0,3577.0,0.736395,40.9992,66.704
シムルグの目醒め,_simurgh,A,1822,123.16,24.8,14.6758,4.8,190.0,190.0,1.0,62.3,49.9,71.3,52.1,58.3,13.7,0.0,307.6,1822,1311.0,1611.89,1678.29,1702.36,2022.65,2743.54,1822.0,2853.0,3614.0,0.692498,33.3255,54.4477
〆,_shime,A,1875,121.5,22.2,15.3607,5.2,160.0,160.0,1.0,54.8,70.2,48.3,10.1,19.0,24.2,0.0,226.6,1875,1337.5,1296.47,1411.9,1495.81,1785.82,2401.59,1877.0,3279.0,3739.0,0.758041,8.215,33.6411
灼熱 Pt.2 Long Train Running,_syaku_2,A,1753,120.73,21.2,14.3752,8.8,165.0,165.0,1.0,17.3,33.1,6.8,4.9,23.6,108.7,0.0,194.4,1753,1276.5,1835.47,1941.28,1969.65,2382.35,2888.49,1804.0,2586.0,3555.0,0.690227,45.166,66.1516
灼熱Beach Side Bunny,_shakunt,A,1673,120.78,19.2,13.7455,9.4,153.0,153.0,1.0,11.5,32.9,5.8,26.3,45.0,97.9,0.0,219.4,1673,1236.5,1727.7,1847.84,1925.45,2362.51,2919.3,1719.0,2449.0,3381.0,0.676552,47.5577,68.872
灼熱Beach Side Bunny(かめりあ's \ Remix),_shaku_c,A,1647,125.52,17.0,13.0016,7.8,174.0,174.0,1.0,37.6,34.0,21.7,3.2,48.9,61.7,0.0,207.1,1647,1223.5,1422.4,1574.34,1664.4,2092.13,2626.83,1647.0,2618.0,3278.0,1.216921,11.0711,27.7799
灼熱 Lost Summer Dayz,_shakuls,A,1453,122.86,18.4,11.6715,8.8,168.0,168.0,1.0,10.9,37.8,15.3,11.1,19.0,69.2,9.0,172.3,1439,1119.5,1208.03,1444.53,1593.17,2025.02,2595.72,1453.0,2455.0,2888.0,0.673175,21.7401,46.2297
終焔のClaudia,_shuen_c,A,1406,112.3,19.6,12.4088,2.4,90.0,185.0,2.0556,53.7,56.5,52.5,17.9,31.3,4.8,0.0,216.7,1406,1103.0,1376.37,1470.11,1516.03,1788.16,2197.05,1406.0,2448.0,2794.0,0.68082,13.0447,42.0016
シュレーディンガーの猫,_schrcat,A,1525,116.15,21.0,14.2262,2.4,187.0,187.0,1.0,59.3,69.3,59.7,28.2,18.7,3.1,0.0,238.3,1525,1162.5,1422.53,1496.8,1543.72,1774.53,2146.62,1717.0,3027.0,3431.0,0.631363,6.4168,30.7018
少年A,_kid_a,A,1404,136.57,17.0,10.3,2.4,90.0,192.0,2.1333,70.9,30.8,64.4,35.1,61.4,12.1,0.0,274.7,1404,1102.0,1378.37,1473.13,1533.08,1816.11,2214.02,1449.0,2430.0,2880.0,0.684463,22.7235,46.579
少年は空を辿る,_soratad,A,1472,119.04,23.8,13.6729,2.2,140.0,140.0,1.0,75.9,60.9,76.2,31.1,73.3,7.0,31.7,356.1,1442,1121.0,1483.73,1561.42,1602.03,1864.67,2411.05,1729.0,2793.0,3432.0,0.731212,27.2061,49.4407
深淵に捧ぐレクイエム,_shinen,A,1465,116.57,20.2,12.713,0.8,175.0,175.0,1.0,62.9,61.2,64.1,26.3,32.4,1.8,104.5,353.2,1366,1083.0,1469.7,1553.38,1593.67,1866.98,2356.33,1537.0,2670.0,3072.0,0.540713,15.3874,37.37
神謳 -RESONANCE-,_resonan,A,2047,128.0,23.2,15.7922,1.6,180.0,180.0,1.0,79.5,73.4,77.0,20.7,35.7,4.1,0.0,290.4,2047,1423.5,1494.88,1554.33,1582.99,1818.59,2304.65,2047.0,3551.0,4078.0,0.822663,8.5286,31.5679
新宝島,_stakara,X,1978,112.09,24.2,17.4619,1.2,165.0,165.0,1.0,75.5,113.8,74.6,15.1,20.7,3.0,171.2,473.9,1714,1257.0,1456.52,1524.95,1560.25,1813.35,2272.66,,,,,,
水鏡の異界,_suikyo,A,1661,115.71,20.2,14.4139,8.6,168.0,168.0,1.0,70.8,34.8,73.1,12.3,27.3,26.0,47.8,292.1,1612,1206.0,1506.78,1593.65,1633.12,1970.97,2509.55,1661.0,2673.0,3288.0,0.77376,27.7262,51.6325
スキッテイエェエエェ!!!!,_sukitte,A,2193,115.2,25.2,18.8414,2.0,200.0,200.0,1.0,65.2,76.4,65.5,34.6,44.0,8.5,0.0,294.2,2193,1496.5,1673.61,1749.7,1782.85,2065.98,2650.14,2193.0,3529.0,4358.0,0.817404,22.8822,44.0908
スパークリング☆彡ハイパーチューン！！,_sparkht,A,1843,127.46,17.4,14.3281,3.0,177.0,177.0,1.0,66.0,63.1,58.2,3.5,17.4,7.1,0.0,215.3,1843,1321.5,1200.5,1346.03,1424.87,1701.19,2027.9,1843.0,3368.0,3682.0,0.798859,-10.2939,15.9331
聖人の塔,_seijin,A,1672,118.29,21.2,14.0504,0.8,97.0,194.0,2.0,82.5,56.8,74.0,14.2,38.0,1.5,38.7,305.7,1603,1201.5,1396.24,1524.46,1608.81,1900.01,2425.27,1567.0,2488.0,3116.0,0.623203,33.3835,53.339
世界の果てに約束の凱歌を -ReUnion-,_sekaiop,A,1983,123.6,26.2,15.9726,3.6,200.0,200.0,1.0,45.8,84.6,43.6,18.6,33.1,7.2,19.1,252.0,1974,1387.0,1571.54,1626.66,1640.12,1936.36,2652.47,1983.0,3347.0,3944.0,0.777026,16.9179,40.1133
雪月花,_stgekka,A,1215,109.67,18.2,10.9164,5.4,151.0,151.0,1.0,64.7,39.0,48.1,7.1,35.1,11.8,0.0,205.8,1215,1007.5,1271.41,1400.08,1453.19,1773.23,2345.24,1287.0,2250.0,2567.0,0.658879,10.4661,36.1294
雪上断火,_setsujo,A,0,0.0,0.0,0.0,0.0,105.0,180.0,1.7143,0.0,0.0,0.0,0.0,0.0,0.0,0.0,0.0,0,1.0,1394.22,1526.09,1617.91,1998.6,2521.77,1544.0,2604.0,3058.0,0.797191,18.7874,45.4647
千年ノ理,_sennen,A,1672,119.22,20.2,14.0387,1.6,153.0,153.0,1.0,49.8,84.1,53.9,6.1,25.0,2.0,23.8,244.7,1628,1214.0,1245.5,1339.72,1386.2,1604.19,1857.71,1608.0,2967.0,3212.0,0.750624,-15.0,15.0042
旋律のドグマ～Misérables～,_s_dogma,A,1994,135.0,20.4,14.6529,2.0,192.0,192.0,1.0,78.6,55.4,66.1,15.9,33.8,4.1,0.0,253.9,1994,1397.0,1409.28,1488.74,1535.42,1771.66,2146.76,2002.0,3475.0,3999.0,0.624053,12.7987,34.9241
ぞうしょく！？マイデンティティ,_zoshoku,A,1851,116.4,21.4,15.8154,3.6,200.0,200.0,1.0,61.8,58.9,45.7,14.9,25.7,7.9,3.1,218.0,1846,1323.0,1521.86,1585.56,1618.8,1896.62,2399.75,1851.0,3108.0,3694.0,0.64335,20.4659,40.5502
即席！脳直★ミュージックシステム,_sokseki,A,1786,124.64,19.4,14.2368,2.4,197.0,197.0,1.0,57.6,46.7,57.1,5.5,17.4,11.8,0.0,196.1,1786,1293.0,1366.18,1463.36,1518.25,1780.77,2205.5,1838.0,3100.0,3653.0,0.689757,21.3099,45.6457
それは花火のような恋,_shanabi,A,1976,123.96,19.2,15.8597,3.4,182.0,182.0,1.0,67.8,59.1,73.4,14.5,30.7,11.4,0.0,256.9,1976,1388.0,1400.02,1486.56,1533.54,1781.13,2178.44,1976.0,3443.0,3940.0,0.736611,9.1434,33.2006
∀,_turn_a,A,1802,113.33,24.8,15.7684,2.2,180.0,180.0,1.0,67.9,70.9,67.1,21.0,38.2,7.6,7.0,279.7,1786,1293.0,1649.03,1673.37,1677.11,1942.76,2608.72,1802.0,3085.0,3585.0,0.861175,11.1133,34.1105
抱きしめてモナムール,_dakismt,A,1955,130.11,21.6,15.0915,3.2,190.0,190.0,1.0,67.6,63.5,68.2,17.9,41.5,7.9,5.9,272.5,1947,1373.5,1511.11,1574.19,1599.95,1851.63,2289.8,2110.0,3576.0,4208.0,0.716661,16.3077,37.358
たまゆら,_tamayra,A,1385,109.33,23.4,12.5836,3.2,180.0,180.0,1.0,44.4,73.7,43.5,17.8,32.0,7.1,0.0,218.5,1385,1092.5,1495.32,1551.92,1576.26,1810.74,2160.13,1407.0,2489.0,2804.0,0.777896,2.9541,29.59
超青少年ノ為ノ超多幸ナ超古典的超舞曲,_verycls,X,2092,120.0,25.8,17.2347,1.2,150.0,150.0,1.0,94.8,84.5,106.3,80.3,106.7,1.3,0.0,473.9,2092,1446.0,1634.84,1676.21,1692.29,1993.93,2779.46,2110.0,3434.0,4194.0,0.722429,25.5772,47.2446
超青少年ノ為ノ超多幸ナ超古典的超舞曲†,_verycsl,A,2092,120.0,25.8,17.2347,1.2,150.0,150.0,1.0,94.8,84.5,106.3,80.3,106.7,1.3,0.0,473.9,2092,1446.0,1634.84,1676.21,1692.29,1993.93,2779.46,2110.0,3434.0,4194.0,0.722429,25.5772,47.2446
津軽雪,_tgryuki,A,1872,127.5,26.0,14.6156,2.8,160.0,160.0,1.0,97.8,63.5,90.9,40.5,60.8,5.9,10.7,370.1,1859,1329.5,1518.7,1580.0,1617.75,1871.92,2320.55,1953.0,3335.0,3896.0,0.722302,14.3191,35.5852
ディスコルディア,_dscrdia,A,2073,98.42,39.4,20.8586,2.4,120.0,280.0,2.3333,91.3,74.0,82.3,39.4,135.9,6.3,124.1,553.3,1948,1374.0,1668.84,1768.94,1820.17,2302.83,2947.94,2073.0,3026.0,4056.0,0.864805,40.5444,66.7052
天空の夜明け,_tkyoake,A,2038,124.8,25.2,18.0053,1.4,150.0,150.0,1.0,112.6,73.0,123.0,59.6,78.7,1.6,0.0,448.5,2038,1419.0,1572.97,1621.86,1649.79,1908.92,2451.02,2072.0,3284.0,4110.0,0.959715,20.6235,42.1908
電光,_denkou,A,1560,122.18,20.4,12.6618,5.6,165.0,165.0,1.0,55.7,43.2,46.7,12.1,25.9,24.8,29.9,238.3,1528,1164.0,1347.62,1457.29,1514.58,1860.62,2502.1,1560.0,2646.0,3106.0,0.696949,18.4604,41.6441
天使のカンタータ -Cantata of Angels-,_cantata,A,2205,123.13,25.6,19.2246,2.8,158.0,158.0,1.0,107.8,56.9,121.8,43.6,63.5,4.6,16.0,414.2,2184,1492.0,1722.07,1754.52,1762.44,2037.53,2663.79,2205.0,3371.0,4286.0,1.062881,33.1201,66.3346
電人、暁に斃れる。,_fattack,A,1640,120.82,19.4,13.4231,2.0,165.0,165.0,1.0,87.7,42.7,81.2,27.7,65.5,4.9,0.0,309.7,1640,1220.0,1364.75,1466.67,1523.51,1793.57,2224.99,1725.0,2958.0,3445.0,0.659022,14.6101,35.1966
電腦都市,_dennots,A,1738,110.0,21.2,15.6252,3.4,240.0,240.0,1.0,15.7,69.4,16.0,6.0,13.8,14.1,0.0,135.0,1738,1269.0,1462.37,1554.22,1608.29,1913.0,2628.08,1738.0,2920.0,3449.0,0.704771,22.4123,47.532
東京神話,_tksinwa,A,1505,113.88,21.8,13.1544,4.6,196.0,196.0,1.0,53.8,45.4,56.3,36.1,46.1,13.1,0.0,250.8,1505,1152.5,1533.37,1626.97,1663.8,2002.02,2680.71,1505.0,2413.0,2944.0,0.86139,31.5824,62.1539
童話回廊,_dowakai,A,1465,95.04,26.2,16.6136,1.8,262.0,262.0,1.0,87.1,54.5,92.9,24.1,41.0,7.1,0.0,306.7,1465,1132.5,1437.59,1502.64,1529.93,1800.51,2217.14,1592.0,2757.0,3156.0,0.791624,12.0191,40.8983
轟け！恋のビーンボール！！,_todorok,A,1834,108.0,21.8,16.7431,4.2,180.0,180.0,1.0,70.2,71.6,70.6,14.2,42.3,10.9,0.0,279.8,1834,1317.0,1449.94,1541.14,1600.4,1895.11,2431.49,1834.0,2983.0,3637.0,0.728445,27.1978,50.4871
トリカゴノ鳳凰,_trikago,A,1910,131.03,20.4,14.447,2.4,185.0,185.0,1.0,83.6,46.3,60.6,8.5,25.4,4.8,11.9,241.1,1899,1349.5,1430.07,1504.83,1548.72,1791.65,2235.83,1932.0,3300.0,3854.0,0.633335,18.0977,40.4115
IX,_nine_ix,A,1996,120.0,26.2,16.4182,3.4,198.0,198.0,1.0,70.5,58.9,67.5,22.0,47.5,14.4,15.7,296.5,1973,1386.5,1706.67,1751.25,1758.39,2039.31,2677.26,2007.0,3173.0,3974.0,0.798373,28.5745,51.5279
†渚の小悪魔ラヴリィ～レイディオ†(IIDX EDIT),_nagisa,A,1761,107.37,21.6,16.213,4.4,190.0,190.0,1.0,58.9,67.4,54.6,19.8,38.5,12.6,0.0,251.8,1761,1280.5,1509.76,1584.6,1624.58,1899.96,2446.22,1835.0,3021.0,3648.0,0.773135,21.5245,43.6211
嘆きの樹,_nageki,A,1873,121.5,28.4,16.247,2.8,160.0,160.0,1.0,74.9,82.2,79.8,49.8,45.8,5.5,0.0,338.0,1873,1336.5,1655.61,1709.68,1724.75,2013.36,2516.14,2000.0,3318.0,3976.0,0.792364,19.562,41.9396
夏色DIARY - L.E.D.-G STYLE MIX -,_ntdiary,A,1590,107.45,20.0,14.6241,2.4,190.0,190.0,1.0,71.8,44.8,65.1,10.6,30.0,8.7,28.0,259.0,1555,1177.5,1411.28,1506.93,1552.74,1819.4,2297.14,1590.0,2683.0,3166.0,0.720066,18.3682,40.9324
廿,_twenty,X,1684,121.09,23.6,13.7295,8.6,120.0,160.0,1.3333,58.4,52.5,49.1,36.7,40.5,56.6,0.0,293.8,1684,1242.0,1480.33,1571.66,1621.93,1979.88,2493.93,1731.0,2841.0,3424.0,0.743308,26.9229,52.3183
廿†,_twentyl,A,1684,121.09,23.6,13.7295,8.6,120.0,160.0,1.3333,58.4,52.5,49.1,36.7,40.5,56.6,0.0,293.8,1684,1242.0,1480.33,1571.66,1621.93,1979.88,2493.93,1731.0,2841.0,3424.0,0.743308,26.9229,52.3183
ハイテックトキオ,_hitokio,X,1639,117.91,19.0,13.7898,3.8,165.0,165.0,1.0,83.8,44.9,74.1,3.7,18.9,7.4,25.2,258.0,1600,1200.0,1411.32,1506.54,1548.39,1875.08,2468.7,1657.0,2886.0,3301.0,0.599587,15.0415,42.5044
儚キ戀ノ幻想譚,_hgensou,A,1808,115.29,21.8,15.5,3.8,175.0,175.0,1.0,57.3,65.4,54.4,13.0,24.2,13.5,2.4,230.2,1806,1303.0,1458.43,1523.02,1554.83,1813.12,2296.52,1808.0,3120.0,3605.0,0.730155,12.0572,34.9691
伐折羅-vajra-,_vajra,A,1877,117.92,24.4,15.8915,2.4,173.0,173.0,1.0,96.1,57.8,93.3,30.6,44.2,7.1,0.0,329.1,1877,1338.5,1600.17,1630.08,1637.4,1884.13,2356.49,1877.0,3171.0,3735.0,0.789026,15.8912,38.6376
刃図羅,_buzra,A,1632,128.0,20.0,13.8288,1.4,165.0,165.0,1.0,72.3,54.4,65.4,16.7,32.2,5.5,0.0,246.5,1632,1216.0,1342.82,1432.16,1480.26,1738.66,2124.23,1746.0,3088.0,3467.0,0.844007,2.8103,32.4574
華爛漫-Flowers-,_hranman,X,1029,103.5,13.4,9.9728,1.6,160.0,160.0,1.0,28.1,44.2,22.1,4.5,8.9,4.4,0.0,112.2,1029,914.5,1472.89,1522.46,1546.61,1755.15,2007.6,1597.0,2867.0,3194.0,0.591469,,
ピアノ協奏曲第１番\,_psasori,A,1414,123.2,22.4,11.3952,3.8,120.0,188.0,1.5667,66.3,45.9,63.3,17.8,59.7,8.9,0.0,261.9,1414,1107.0,1547.3,1639.48,1660.44,2085.86,3048.07,1414.0,2334.0,2772.0,0.785419,28.9874,60.1571
ピアノ協奏曲第１番\ (BlackY Remix),_psaso_r,A,1926,129.0,24.2,14.7938,2.2,160.0,160.0,1.0,77.0,74.7,79.9,25.8,55.9,4.0,19.4,336.7,1899,1349.5,1622.55,1653.91,1659.84,1983.07,2653.67,1926.0,3271.0,3813.0,0.832698,16.2917,43.6719
ピアノ独奏無言歌 \,_pkaijin,A,1977,142.25,22.0,13.8028,0.0,100.0,200.0,2.0,103.2,57.3,93.6,48.5,70.0,0.0,0.0,372.6,1977,1388.5,1703.31,1782.0,1828.38,2194.41,2884.5,1977.0,2680.0,3879.0,0.881003,42.1768,65.6351
卑弥呼,_himiko,A,2119,186.9,25.2,11.3241,2.8,83.0,185.0,2.2289,99.1,59.7,95.5,28.8,95.8,3.9,0.0,382.8,2119,1459.5,1771.13,1878.88,1945.97,2335.88,3066.76,2119.0,3175.0,4165.0,0.876146,35.2217,60.3493
フォニイ,_phony,X,1975,122.82,19.4,16.039,1.2,170.0,170.0,1.0,75.6,87.3,64.9,7.1,15.2,2.7,0.0,252.8,1975,1387.5,1332.75,1420.32,1476.54,1719.76,2055.48,,,,,,
二人ノ廃城幽踊宴,_a_rvnant,A,1927,139.46,21.4,13.7214,2.0,120.0,316.0,2.6333,46.3,53.1,46.1,6.1,20.2,6.2,0.0,178.0,1927,1363.5,1576.38,1652.72,1693.79,2026.26,2595.81,1927.0,2820.0,3761.0,0.713314,48.7515,73.7106
不沈艦CANDY,_fuchin,A,1640,118.72,23.4,13.679,1.6,188.0,188.0,1.0,44.6,69.8,53.7,40.4,46.0,3.5,0.0,258.0,1640,1220.0,1483.58,1536.22,1554.14,1800.64,2207.72,1682.0,2952.0,3354.0,0.813447,5.1403,28.3615
《PL|RAYER》,_plrayer,A,1420,119.67,20.0,11.785,2.2,180.0,180.0,1.0,49.0,60.4,41.7,12.7,24.1,5.4,5.4,198.7,1416,1108.0,1300.18,1398.03,1436.01,1703.16,2027.33,1420.0,2594.0,2835.0,0.686197,-15.0,22.4861
紅牡丹,_benibtn,A,1409,103.43,18.8,13.4712,3.0,181.0,181.0,1.0,51.0,58.3,44.1,4.4,16.5,10.4,0.0,184.7,1409,1104.5,1236.6,1363.08,1445.16,1677.51,1981.07,1445.0,2600.0,2888.0,0.6299,-8.7818,26.0584
烽火連天の刃,_hrenten,A,2523,121.26,26.6,20.6279,3.0,190.0,190.0,1.0,76.4,116.1,70.9,30.3,45.2,6.9,181.5,527.3,2273,1536.5,1519.28,1606.8,1640.02,1944.66,2568.76,1771.0,2920.0,3509.0,0.694866,27.4374,52.1237
-65℃,_65c,A,1912,120.0,25.4,15.7835,2.0,186.0,186.0,1.0,66.1,68.3,66.6,22.9,45.7,5.1,38.2,312.9,1858,1329.0,1652.52,1689.87,1697.47,1975.26,2637.09,1912.0,3188.0,3807.0,0.689606,22.0011,43.7953
#MAGiCVLGiRL_TRVP_B3VTZ,_magicvl,A,1721,120.0,21.4,14.2231,2.6,100.0,100.0,1.0,95.0,60.1,99.2,62.1,61.5,9.4,19.1,406.4,1672,1236.0,1423.62,1497.24,1532.2,1809.95,2354.1,1753.0,3120.0,3490.0,0.665222,-2.2072,35.914
魔法のかくれんぼ,_mkakure,A,1454,118.72,21.0,12.2067,1.2,120.0,208.0,1.7333,43.4,56.0,41.0,38.0,50.0,1.2,45.2,274.8,1406,1103.0,1452.91,1565.77,1617.24,1951.49,2472.63,1454.0,2351.0,2883.0,0.601945,34.9714,57.4233
未完成ノ蒸氣驅動乙女,_mikanse,A,1538,114.18,21.2,13.3217,1.8,170.0,170.0,1.0,79.1,37.7,81.9,33.8,39.2,2.4,0.0,274.1,1538,1169.0,1399.64,1510.65,1567.96,1865.27,2451.77,1538.0,2591.0,3030.0,0.857864,19.4522,49.694
禊,_misogi,A,1631,115.59,20.2,13.9397,4.0,160.0,160.0,1.0,87.8,45.4,87.1,22.7,32.9,10.1,65.2,351.2,1569,1184.5,1364.74,1465.16,1535.66,1821.92,2417.02,1631.0,2745.0,3238.0,0.897956,14.3615,37.9646
ミラージュ･レジデンス,_m_resid,X,1372,112.5,17.8,12.1345,1.8,144.0,144.0,1.0,40.3,67.4,37.3,10.6,45.5,6.7,90.9,298.7,1263,1031.5,1501.75,1581.15,1620.97,1905.53,2393.84,1676.0,2893.0,3339.0,0.781845,10.825,34.0336
魅惑のYUMMYスイーツ,_enyummy,A,1586,116.54,20.6,13.4496,3.6,208.0,208.0,1.0,46.8,44.1,51.2,13.5,28.2,14.0,57.4,255.2,1557,1178.5,1503.22,1584.71,1617.14,1917.2,2473.33,1586.0,2569.0,3157.0,0.594946,31.6943,51.8773
冥,_mei,A,1928,166.67,28.6,11.6788,3.8,66.0,200.0,3.0303,82.4,68.0,78.8,29.6,60.6,3.2,0.0,322.6,1928,1364.0,1580.95,1658.51,1986.05,2414.58,3263.85,2000.0,2949.0,3945.0,0.751097,39.5989,61.6774
めいさいアイドル☆あいむちゃん♪,_meisai,A,1717,118.5,20.0,14.4185,1.8,160.0,160.0,1.0,72.4,59.2,68.5,16.2,30.8,5.4,0.0,252.5,1717,1258.5,1401.31,1480.89,1521.26,1786.57,2275.79,1717.0,3012.0,3410.0,0.869721,5.3812,32.6919
龍王の霊廟(Mausoleum Of The Primal Dragon),_mausole,X,2023,126.15,19.6,15.8567,0.8,144.0,144.0,1.0,112.8,70.5,101.3,23.1,45.6,1.5,43.7,398.5,1976,1388.0,1429.45,1504.45,1543.9,1795.25,2251.12,2023.0,3530.0,4041.0,0.608146,11.7376,35.1268
龍と少女とデコヒーレンス,_decoher,X,1648,122.18,21.2,13.3951,2.8,165.0,165.0,1.0,104.3,49.8,102.3,29.1,42.6,4.4,31.0,363.5,1634,1217.0,1503.93,1552.54,1574.63,1802.93,2143.09,1713.0,2963.0,3422.0,0.624366,13.6155,35.0288
龍と少女とデコヒーレンス†,_decohel,A,1648,122.18,21.2,13.3951,2.8,165.0,165.0,1.0,104.3,49.8,102.3,29.1,42.6,4.4,31.0,363.5,1634,1217.0,1503.93,1552.54,1574.63,1802.93,2143.09,1713.0,2963.0,3422.0,0.624366,13.6155,35.0288
リリーゼと炎龍レーヴァテイン,_lilieze,A,1706,108.3,21.0,15.5798,2.0,200.0,200.0,1.0,49.8,68.1,45.4,5.3,19.1,4.8,18.9,211.4,1682,1241.0,1437.1,1522.56,1562.43,1816.74,2264.2,1771.0,3090.0,3527.0,0.793487,7.826,32.6359
恋愛=精度×認識力,_r_s_x_n,A,1752,152.4,26.4,11.6779,2.4,13.0,333.0,25.6154,55.9,77.1,52.2,23.4,41.4,7.2,31.6,288.8,1730,1265.0,1540.79,1667.55,1773.77,2383.9,2933.66,1756.0,2818.0,3468.0,0.845887,26.4963,51.694
煉獄のエルフェリア,_elefthe,A,2000,119.34,26.4,16.6483,2.0,183.0,183.0,1.0,98.7,80.6,106.4,42.2,33.4,5.5,0.0,366.8,2000,1400.0,1639.81,1703.43,1740.1,1993.77,2578.82,2000.0,3157.0,3977.0,0.815775,24.3955,44.3627
惑星鉄道,_waktetu,A,1633,124.47,26.0,13.064,2.0,10.0,166.0,16.6,90.5,35.9,98.8,25.9,49.7,5.8,12.3,318.9,1617,1208.5,1873.89,1953.3,1962.38,2428.7,3104.03,1633.0,2286.0,3100.0,0.763532,64.1718,96.0182
海神,_wadatmi,A,1765,122.26,20.4,14.3268,3.4,159.0,159.0,1.0,62.4,64.7,60.2,17.2,41.2,12.8,98.9,357.4,1656,1228.0,1385.12,1477.93,1532.13,1796.3,2316.99,1629.0,2799.0,3244.0,0.71276,14.7222,38.9777
ワルツ第17番 ト短調\,_valse17,A,1511,136.52,15.8,10.1445,0.0,120.0,320.0,2.6667,59.8,51.8,57.9,29.6,77.2,0.0,0.0,276.3,1511,1155.5,1363.31,1486.19,1565.29,1915.74,2614.15,1684.0,2716.0,3323.0,0.793616,28.6401,54.4777
